date,stockcode,sector,foreign_percentage,price_return_10d,cumsumnetvalue_ma10,positive_net_ratio_10d
2025-12-30,BBRI,BANK,30.29,0.008264462809917328,-41404618856815.19,0.2
2025-12-30,BBCA,BANK,35.05,0.009374999999999911,-27077841772196.445,0.3
2025-12-30,BMRI,BANK,31.98,0.05809128630705396,-14916369405730.777,0.8
2025-12-30,ADRO,COAL MINING,18.13,0.016853932584269593,-6170681368606.362,0.5
2025-12-30,KLBF,PHARMACEUTICALS,24.42,0.0387931034482758,-2936811006756.7764,0.6
2025-12-30,BUMI,METAL AND MINERAL MINING,81.81,-0.005434782608695676,-2313715560752.0967,0.3
2025-12-30,GOTO,COMPUTER AND SERVICES,72.22,-0.030303030303030276,-2120690270066.4597,0.2
2025-12-30,TOWR,NON BUILDING CONSTRUCTION,20.34,0.08333333333333326,-2038154970318.3445,0.9
2025-12-30,INCO,METAL AND MINERAL MINING,52.4,0.34765625,-1677391493084.5251,0.9
2025-12-30,BBNI,BANK,24.52,0.030660377358490587,-1637566928971.6555,0.4
2025-12-30,AVIA,OTHER - BASIC INDUSTRY AND CHEMICALS,19.56,0.05648535564853563,-1600701931357.337,0.4
2025-12-30,SSIA,BUILDING CONSTRUCTION,31.34,-0.03724928366762181,-1482695702617.306,0.6
2025-12-30,INKP,PULP & PAPER,19.75,0.03658536585365857,-1477473345905.6104,0.6
2025-12-30,MDKA,METAL AND MINERAL MINING,21.33,0.01333333333333342,-1475066562557.5684,0.5
2025-12-30,BTPS,BANK,11.92,0.004166666666666652,-1378027642949.7761,0.5
2025-12-30,SMGR,CEMENT,30.95,-0.04693140794223827,-1312761590182.245,0.3
2025-12-30,MTEL,TELECOMUNICATION,15.08,0.14754098360655732,-1297266786788.5417,0.0
2025-12-30,MBMA,METAL AND MINERAL MINING,12.19,0.06542056074766345,-1183104012239.648,0.6
2025-12-30,EMTK,INVESTMENT COMPANY,22.55,-0.19926199261992616,-1112672463337.3064,0.6
2025-12-30,ITMG,COAL MINING,16.35,0.0069044879171460405,-1106133550056.7273,0.3
2025-12-30,SCMA,"ADVERTISING,PRINTING and MEDIA",4.28,-0.21028037383177567,-1027960280903.135,0.3
2025-12-30,MNCN,"ADVERTISING,PRINTING and MEDIA",22.33,0.0,-1025721243085.0286,0.8
2025-12-30,TSPC,PHARMACEUTICALS,2.8,0.028880866425992746,-819926336439.3171,0.2
2025-12-30,PNLF,OTHERS - FINANCE,15.44,-0.007692307692307665,-787665823859.2799,0.4
2025-12-30,BRPT,CHEMICALS,24.11,-0.1185983827493261,-781085259377.5105,0.3
2025-12-30,AKRA,WHOLESALE (DURABLE & NON DURABLE GOODS),22.56,0.020242914979757165,-769236896190.8143,0.8
2025-12-30,TBIG,NON BUILDING CONSTRUCTION,84.48,0.41052631578947363,-763251795927.759,0.1
2025-12-30,HEAL,HEALTH CARE,25.08,-0.04513888888888884,-734883516015.641,0.2
2025-12-30,UNVR,COSMETICS AND HOUSEHOLD,7.66,-0.011406844106463865,-728021785222.8674,0.7
2025-12-30,PTBA,COAL MINING,9.99,0.022123893805309658,-718576212160.8105,0.6
2025-12-30,ICBP,FOOD & BEVERAGES,12.81,0.015479876160990669,-717030033699.5549,0.7
2025-12-30,GGRM,TOBACCO MANUFACTURERS,5.61,0.03512014787430684,-706788960818.1814,0.5
2025-12-30,MAPI,RETAIL TRADE,35.6,-0.021008403361344574,-687140254304.6283,0.6
2025-12-30,HMSP,TOBACCO MANUFACTURERS,0.69,-0.006849315068493178,-672259396279.0511,0.8
2025-12-30,NISP,BANK,88.69,0.014814814814814836,-631888004466.9958,0.6
2025-12-30,LPPF,RETAIL TRADE,60.69,0.042944785276073594,-597416725993.5878,0.6
2025-12-30,SMRA,PROPERTY AND REAL ESTATE,16.54,0.03243243243243232,-587719187809.1409,0.1
2025-12-30,PGEO,CRUDE PETROLEUM & NATURAL GAS PROD.,16.78,-0.03433476394849788,-553366206680.5295,0.5
2025-12-30,GIAA,TRANSPORTATION,15.94,-0.1009174311926605,-536314075656.9256,0.2
2025-12-30,ARCI,METAL AND MINERAL MINING,1.4,-0.055393586005830886,-522501115861.2917,0.3
2025-12-30,PWON,PROPERTY AND REAL ESTATE,22.49,-0.01744186046511631,-512608799809.78595,0.1
2025-12-30,INDY,NON BUILDING CONSTRUCTION,5.87,0.128463476070529,-458116305480.01483,0.8
2025-12-30,INTP,CEMENT,79.97,0.08333333333333326,-429410981947.9983,0.8
2025-12-30,BYAN,COAL MINING,43.53,-0.08985507246376812,-423295153780.912,0.1
2025-12-30,PNBN,BANK,45.06,0.0046511627906977715,-419902370213.5741,0.4
2025-12-30,MYOR,FOOD & BEVERAGES,7.71,0.004716981132075526,-419730795084.13354,0.6
2025-12-30,DMAS,PROPERTY AND REAL ESTATE,5.73,-0.007692307692307665,-400135883749.4296,0.1
2025-12-30,BKSL,PROPERTY AND REAL ESTATE,3.24,-0.07333333333333336,-391026472038.83997,0.3
2025-12-30,BJTM,BANK,3.36,0.009345794392523255,-390416166231.0287,0.6
2025-12-30,SRTG,INVESTMENT COMPANY,2.75,0.08219178082191791,-381673173447.9071,0.7
2025-12-30,BJBR,BANK,2.98,0.012578616352201255,-356088953227.7659,0.5
2025-12-30,ABMM,COAL MINING,30.72,-0.0035842293906810374,-336181310045.92126,0.2
2025-12-30,NCKL,METAL AND ALLIED PRODUCTS,8.29,0.16580310880829008,-319353174385.7479,0.8
2025-12-30,BUKA,COMPUTER AND SERVICES,19.1,-0.030674846625766916,-310675219393.35046,0.1
2025-12-30,BELI,COMPUTER AND SERVICES,0.08,0.03797468354430378,-308736669407.87634,0.8
2025-12-30,ARNA,"CERAMICS, GLASS, PORCELAIN",30.04,-0.009345794392523366,-301985896407.2544,0.1
2025-12-30,TOBA,COAL MINING,62.43,-0.0691823899371069,-257472080201.97647,0.4
2025-12-30,BMTR,INVESTMENT COMPANY,9.37,0.0,-250291905254.4747,0.7
2025-12-30,WIRG,"ADVERTISING,PRINTING and MEDIA",8.1,-0.09615384615384615,-238608642392.36417,0.6
2025-12-30,CARE,HEALTH CARE,24.14,0.17241379310344818,-223949863270.2404,
2025-12-30,HRUM,COAL MINING,2.74,0.06965174129353224,-222840265714.48358,0.5
2025-12-30,PTPP,BUILDING CONSTRUCTION,1.96,0.1629213483146068,-203094404304.41742,0.6
2025-12-30,RALS,RETAIL TRADE,5.36,0.019512195121951237,-197993471416.34088,0.5
2025-12-30,HEXA,WHOLESALE (DURABLE & NON DURABLE GOODS),13.42,-0.006928406466512715,-179456966985.42377,0.0
2025-12-30,BBKP,BANK,18.47,0.026666666666666616,-164301165571.81348,0.6
2025-12-30,ULTJ,FOOD & BEVERAGES,8.75,-0.020408163265306145,-156115674655.54623,0.2
2025-12-30,RAJA,INVESTMENT COMPANY,4.56,-0.05058365758754868,-149822718039.3825,0.2
2025-12-30,BNGA,BANK,94.05,0.028735632183908066,-139860188684.6734,0.4
2025-12-30,POWR,ENERGY,6.23,0.0,-137769060367.2083,0.8
2025-12-30,PRDA,HEALTH CARE,22.88,-0.025423728813559365,-135578545145.84824,0.7
2025-12-30,JRPT,PROPERTY AND REAL ESTATE,19.59,0.0046511627906977715,-133921794808.90927,0.0
2025-12-30,ROTI,FOOD & BEVERAGES,55.86,-0.0062893081761006275,-133211248932.68118,0.3
2025-12-30,CPRO,FISHERY,32.0,0.032786885245901676,-131886803885.3534,0.5
2025-12-30,TEBE,"OTHERS - INFRASTRUCTURE, UTILITIES & TRANSPORTATIO",12.85,0.15486725663716805,-131706180457.35269,0.5
2025-12-30,BUVA,"RESTAURANT, HOTEL & TOURISM",8.87,-0.12578616352201255,-128082598909.9003,0.7
2025-12-30,APEX,CRUDE PETROLEUM & NATURAL GAS PROD.,52.6,-0.09302325581395354,-121993168839.74321,0.6
2025-12-30,ASRI,PROPERTY AND REAL ESTATE,3.65,-0.0060975609756097615,-119135764430.6788,0.2
2025-12-30,NICE,METAL AND MINERAL MINING,10.05,-0.05797101449275366,-117881514514.59721,0.6
2025-12-30,FAST,FOOD & BEVERAGES,14.72,-0.01680672268907568,-117007786991.79855,0.4
2025-12-30,JARR,PLANTATION,0.03,-0.041543026706231445,-110647753210.12798,0.3
2025-12-30,AGRO,BANK,0.12,0.0,-110199721743.81992,0.4
2025-12-30,IATA,"OTHERS - TRADE, SERVICES & INVESTMENT",15.19,0.29729729729729737,-107930242066.85896,0.2
2025-12-30,KKGI,COAL MINING,55.64,0.030864197530864113,-105443971560.76643,0.5
2025-12-30,INET,TELECOMUNICATION,1.4,-0.10059171597633132,-103258164629.27844,0.3
2025-12-30,HILL,CONSTRUCTION,5.09,-0.006711409395973145,-102418913866.74101,0.3
2025-12-30,NINE,COMPUTER AND SERVICES,21.0,-0.3354838709677419,-102332621156.91103,
2025-12-30,PYFA,PHARMACEUTICALS,65.75,-0.10188679245283017,-102039570865.60905,0.5
2025-12-30,MLPL,OTHERS - MISCELLANENEOUS INDUSTRY,24.32,-0.14197530864197527,-101390139799.98212,0.6
2025-12-30,CASA,FINANCIAL INSTITUTION,3.32,0.006250000000000089,-93722264349.31296,0.4
2025-12-30,WOOD,WOOD INDUSTRIES,1.22,-0.02577319587628868,-93220747286.37744,0.1
2025-12-30,BHIT,INVESTMENT COMPANY,66.26,0.054054054054053946,-88547104366.78899,0.0
2025-12-30,BDMN,BANK,94.33,0.012295081967213184,-86744006630.94844,0.7
2025-12-30,ADHI,BUILDING CONSTRUCTION,1.21,0.1166666666666667,-81224341297.29517,0.7
2025-12-30,ARTO,BANK,37.4,-0.012499999999999956,-79607193404.97667,0.5
2025-12-30,SMDR,TRANSPORTATION,2.79,0.2250000000000001,-74986919312.47379,0.6
2025-12-30,PANI,INVESTMENT COMPANY,6.45,-0.08029197080291972,-71755937043.98203,0.7
2025-12-30,SMKM,BUILDING CONSTRUCTION,13.04,0.4521739130434783,-70408668509.12248,0.1
2025-12-30,TPMA,TRANSPORTATION,2.39,0.027272727272727337,-69291963152.68094,0.6
2025-12-30,LPKR,PROPERTY AND REAL ESTATE,43.45,-0.023255813953488413,-66818007942.00897,0.3
2025-12-30,IPTV,"ADVERTISING,PRINTING and MEDIA",20.03,0.2857142857142858,-66583615065.82113,1.0
2025-12-30,MPMX,WHOLESALE (DURABLE & NON DURABLE GOODS),11.35,0.021164021164021163,-64377833919.12952,0.6
2025-12-30,CFIN,FINANCIAL INSTITUTION,18.52,0.018867924528301883,-63625744236.51625,0.6
2025-12-30,SMIL,MACHINERY AND HEAVY EQUIPMENT,2.81,0.005555555555555536,-62591879493.86642,0.7
2025-12-30,BCAP,OTHERS - FINANCE,34.96,0.0,-60619734963.76587,0.6
2025-12-30,PBSA,CONSTRUCTION,8.99,-0.08536585365853655,-59724280173.1024,0.4
2025-12-30,OMED,HEALTH CARE,6.1,0.009803921568627416,-58996982327.16487,0.3
2025-12-30,DATA,COMPUTER AND SERVICES,0.26,0.024390243902439046,-56321869778.34556,0.7
2025-12-30,FUJI,FINANCIAL INSTITUTION,61.58,-0.03472222222222221,-55360837357.335915,0.4
2025-12-30,MBSS,TRANSPORTATION,1.35,0.743732590529248,-51464971741.3809,0.8
2025-12-30,CMNT,"OTHERS - INFRASTRUCTURE, UTILITIES & TRANSPORTATIO",95.72,0.1399999999999999,-49832560136.00132,0.8
2025-12-30,BBYB,BANK,23.02,0.02127659574468077,-45657808608.64588,0.3
2025-12-30,MEGA,BANK,4.51,0.015479876160990669,-44549805365.318115,0.4
2025-12-30,SAGE,PROPERTY AND REAL ESTATE,0.06,0.12903225806451624,-44134042491.24342,0.1
2025-12-30,NRCA,BUILDING CONSTRUCTION,2.96,-0.22391857506361323,-43578941725.625946,0.4
2025-12-30,JIHD,"RESTAURANT, HOTEL & TOURISM",7.26,-0.03389830508474578,-43472405062.39235,0.1
2025-12-30,PURI,PROPERTY AND REAL ESTATE,13.33,-0.1283783783783784,-42305168448.53567,0.6
2025-12-30,ESSA,CHEMICALS,27.72,-0.008196721311475419,-41850502171.78281,0.4
2025-12-30,PZZA,FOOD & BEVERAGES,26.57,-0.018181818181818188,-41524885649.89834,0.3
2025-12-30,ASGR,COMPUTER AND SERVICES,2.27,-0.01680672268907568,-40482012861.30426,0.7
2025-12-30,FPNI,PLASTICS & PACKAGING,2.79,-0.08585858585858586,-39163211440.98058,0.7
2025-12-30,MARK,OTHER - BASIC INDUSTRY AND CHEMICALS,18.08,0.03125,-39043405183.01991,0.2
2025-12-30,MAIN,ANIMAL FEED,81.92,0.13815789473684204,-38375369270.231224,0.6
2025-12-30,MAYA,BANK,24.84,0.0,-37346800353.86305,0.1
2025-12-30,KARW,TRANSPORTATION,0.16,0.0,-36615145322.81524,0.0
2025-12-30,BSDE,PROPERTY AND REAL ESTATE,14.51,-0.021621621621621623,-36395228092.717094,0.8
2025-12-30,LABA,METAL AND ALLIED PRODUCTS,1.7,0.096551724137931,-35510866001.68591,0.4
2025-12-30,SPTO,HOUSEWARE,25.92,0.015625,-35360048404.320595,0.2
2025-12-30,KRYA,METAL AND ALLIED PRODUCTS,0.16,-0.1705882352941176,-35240677435.76371,0.2
2025-12-30,MTLA,PROPERTY AND REAL ESTATE,3.76,0.5,-35000347266.00597,0.5
2025-12-30,ACES,RETAIL TRADE,25.49,-0.004854368932038833,-34747976250.21826,0.4
2025-12-30,COCO,FOOD & BEVERAGES,61.18,-0.05084745762711862,-33824966971.948456,0.6
2025-12-30,BBTN,BANK,10.48,0.07798165137614688,-32222724834.492287,0.9
2025-12-30,BNBR,INVESTMENT COMPANY,30.0,0.19811320754716988,-31938431420.78655,
2025-12-30,LPGI,INSURANCE,15.04,0.05517241379310356,-30634312625.01983,0.3
2025-12-30,SCNP,HOUSEWARE,12.46,0.0062893081761006275,-29983456698.319378,0.3
2025-12-30,MYOH,COAL MINING,65.6,0.03344481605351168,-29581647868.84004,0.1
2025-12-30,ADES,COSMETICS AND HOUSEHOLD,92.27,0.008169934640522847,-29267912972.36637,0.1
2025-12-30,ADMF,FINANCIAL INSTITUTION,2.38,0.02686567164179099,-28434528602.853325,0.2
2025-12-30,BDKR,CONSTRUCTION,5.42,0.011695906432748648,-27374612612.4557,0.5
2025-12-30,BEST,PROPERTY AND REAL ESTATE,11.59,0.05714285714285716,-27105320476.77642,0.6
2025-12-30,BSSR,COAL MINING,11.67,0.03875968992248069,-26913584146.83683,0.2
2025-12-30,WINS,TRANSPORTATION,15.87,0.19955156950672648,-25337906806.331444,0.7
2025-12-30,MCOL,COAL MINING,0.17,-0.01851851851851849,-25254874701.247757,0.4
2025-12-30,PGJO,"ADVERTISING,PRINTING and MEDIA",0.03,-0.014563106796116498,-24901422366.322414,0.1
2025-12-30,SAPX,TRANSPORTATION,48.91,0.020134228187919545,-24026288722.933983,0.2
2025-12-30,TRON,COMPUTER AND SERVICES,4.07,0.026315789473684292,-22187650686.987385,
2025-12-30,CNKO,WHOLESALE (DURABLE & NON DURABLE GOODS),47.98,0.0,-21971095102.8809,0.3
2025-12-30,UCID,OTHERS - CONSUMER GOODS INDUSTRY,17.67,-0.009433962264150941,-21910476437.03801,0.5
2025-12-30,PSSI,TRANSPORTATION,43.21,0.040462427745664664,-19739136776.003407,0.6
2025-12-30,PNIN,INSURANCE,10.42,0.0,-19518375929.241356,0.7
2025-12-30,WEGE,CONSTRUCTION,1.53,0.07692307692307687,-19483074694.939995,0.4
2025-12-30,IBOS,"RESTAURANT, HOTEL & TOURISM",6.95,-0.08974358974358976,-19410700872.081314,0.1
2025-12-30,LPCK,PROPERTY AND REAL ESTATE,0.82,-0.008620689655172376,-19295847765.49171,1.0
2025-12-30,GEMS,COAL MINING,7.08,-0.06876790830945556,-19227853245.669994,0.3
2025-12-30,CARS,INVESTMENT COMPANY,13.65,-0.02400000000000002,-19149124810.022003,0.4
2025-12-30,PSKT,"RESTAURANT, HOTEL & TOURISM",1.18,-0.13888888888888884,-18460954235.908623,
2025-12-30,MSKY,"ADVERTISING,PRINTING and MEDIA",3.71,-0.012195121951219523,-16902144681.30833,0.2
2025-12-30,MTDL,COMPUTER AND SERVICES,14.21,-0.01666666666666672,-16875228627.771536,0.8
2025-12-30,WIIM,TOBACCO MANUFACTURERS,4.04,0.0185185185185186,-16405055648.514141,0.3
2025-12-30,SMAR,PLANTATION,2.17,0.017057569296375252,-16247809619.23883,0.4
2025-12-30,TOTO,"CERAMICS, GLASS, PORCELAIN",3.43,-0.007299270072992692,-16204206739.028164,0.0
2025-12-30,BPII,OTHERS - FINANCE,95.85,0.0,-15862786545.751017,1.0
2025-12-30,NIRO,PROPERTY AND REAL ESTATE,75.59,0.058064516129032295,-15700052538.33096,0.7
2025-12-30,TBLA,FOOD & BEVERAGES,28.67,0.0,-15642093040.304056,0.2
2025-12-30,DLTA,FOOD & BEVERAGES,4.57,0.010000000000000009,-15290069157.214725,0.2
2025-12-30,FUTR,COMPUTER AND SERVICES,0.33,-0.07042253521126762,-15110846893.159998,0.3
2025-12-30,FORU,"ADVERTISING,PRINTING and MEDIA",79.25,0.07348242811501593,-14894476476.098612,0.3
2025-12-30,TALF,PLASTICS & PACKAGING,4.83,-0.017699115044247815,-14395896859.673054,0.2
2025-12-30,SLIS,ELECTRONICS,2.12,-0.010638297872340385,-14375532976.42786,0.4
2025-12-30,BBHI,BANK,11.4,0.006756756756756799,-14251905220.618755,0.4
2025-12-30,GZCO,PLANTATION,14.53,-0.09722222222222221,-14234124133.958017,0.5
2025-12-30,KBLI,CABLE,7.12,-0.012269938650306789,-13130542589.33421,1.0
2025-12-30,RAAM,OTHERS - CONSUMER GOODS INDUSTRY,12.18,0.01754385964912286,-12914504313.162205,0.2
2025-12-30,VTNY,INVESTMENT COMPANY,60.33,-0.030927835051546393,-12741715670.449091,0.2
2025-12-30,ECII,RETAIL TRADE,30.77,-0.053475935828877,-12530582095.004423,0.3
2025-12-30,INPP,INVESTMENT COMPANY,49.53,0.10144927536231885,-12523858265.430746,0.7
2025-12-30,KBLV,TELECOMUNICATION,7.45,-0.101010101010101,-12253416611.676388,0.6
2025-12-30,GPSO,MACHINERY AND HEAVY EQUIPMENT,0.67,-0.1707317073170732,-12188235259.261856,0.7
2025-12-30,BEKS,BANK,0.67,-0.032258064516129004,-12109534244.04852,0.1
2025-12-30,SKRN,CONSTRUCTION,5.09,-0.03539823008849563,-11904962644.00277,0.3
2025-12-30,DMMX,"ADVERTISING,PRINTING and MEDIA",7.91,-0.06862745098039214,-11639186805.282726,0.6
2025-12-30,PIPA,OTHER - BASIC INDUSTRY AND CHEMICALS,4.1,0.14563106796116498,-11549668162.761084,0.6
2025-12-30,BNII,BANK,18.98,0.0,-11335981712.338598,0.2
2025-12-30,ASLC,AUTOMOTIVE AND COMPONENTS,4.79,0.011627906976744207,-11156183273.718826,0.4
2025-12-30,ACRO,OTHER - BASIC INDUSTRY AND CHEMICALS,4.9,0.011627906976744207,-10952234635.013708,0.3
2025-12-30,PBRX,"TEXTILE, GARMENT",27.75,0.0,-10760523424.888529,0.2
2025-12-30,DVLA,PHARMACEUTICALS,97.06,0.003039513677811634,-10553232970.166622,0.1
2025-12-30,MDLN,PROPERTY AND REAL ESTATE,24.0,0.016666666666666607,-10463780684.908667,0.6
2025-12-30,BEEF,ANIMAL HUSBANDRY,70.64,-0.10588235294117643,-10436471805.051983,0.4
2025-12-30,GOOD,FOOD & BEVERAGES,31.19,0.06321839080459779,-10196675855.671051,0.4
2025-12-30,MPPA,RETAIL TRADE,14.15,-0.032786885245901676,-10010933440.617817,0.4
2025-12-30,LTLS,INVESTMENT COMPANY,16.06,0.0,-9678213601.014515,0.2
2025-12-30,INDX,OTHERS - MISCELLANENEOUS INDUSTRY,78.83,-0.03508771929824561,-9522119429.308567,0.3
2025-12-30,MREI,INSURANCE,48.38,0.27659574468085113,-9267732185.433971,0.5
2025-12-30,PORT,"OTHERS - TRADE, SERVICES & INVESTMENT",70.15,0.19806763285024154,-9097462382.564579,0.3
2025-12-30,LINK,"ADVERTISING,PRINTING and MEDIA",75.47,-0.02863961813842486,-8739536298.994143,0.2
2025-12-30,MCAS,COMPUTER AND SERVICES,30.1,-0.06399999999999995,-8431216052.871744,0.2
2025-12-30,BATA,FOOTWEAR,7.49,0.09375,-8335219787.947403,0.0
2025-12-30,PJAA,PROPERTY AND REAL ESTATE,1.94,-0.00877192982456143,-8269517558.651813,0.6
2025-12-30,BLTA,TRANSPORTATION,19.07,0.1351351351351351,-8108224835.784307,0.0
2025-12-30,SCCO,CABLE,0.23,-0.025423728813559365,-7942235742.252795,0.5
2025-12-30,MICE,WHOLESALE (DURABLE & NON DURABLE GOODS),25.34,-0.008620689655172376,-7630988903.662251,0.1
2025-12-30,CMNP,"TOLL ROAD, AIRPORT, HARBOR & ALLIED PROD.",64.34,0.33712121212121215,-6968317823.246516,0.6
2025-12-30,IKAI,"RESTAURANT, HOTEL & TOURISM",2.89,-0.09090909090909094,-6883723994.46127,0.2
2025-12-30,HERO,RETAIL TRADE,13.27,-0.10416666666666663,-6834591909.613773,0.7
2025-12-30,DIVA,COMPUTER AND SERVICES,9.03,-0.106951871657754,-6539316938.076462,0.0
2025-12-30,MARI,"ADVERTISING,PRINTING and MEDIA",1.01,0.0,-6458214361.913023,0.0
2025-12-30,SGER,ENERGY,0.18,-0.018779342723004744,-6314331232.929131,0.5
2025-12-30,BNBA,BANK,0.79,0.0859375,-6215175079.580117,0.4
2025-12-30,JGLE,PROPERTY AND REAL ESTATE,28.24,0.24242424242424243,-6092288652.097311,0.6
2025-12-30,APLN,PROPERTY AND REAL ESTATE,1.43,0.02941176470588225,-5777641352.270597,0.4
2025-12-30,BABP,BANK,23.73,0.0,-5733178714.680014,0.8
2025-12-30,AMFG,"CERAMICS, GLASS, PORCELAIN",8.67,0.10784313725490202,-5661977166.007357,0.5
2025-12-30,KREN,INVESTMENT COMPANY,4.88,-0.050000000000000044,-5646524436.437736,0.0
2025-12-30,KEEN,"OTHERS - INFRASTRUCTURE, UTILITIES & TRANSPORTATIO",25.29,-0.03809523809523807,-5642317693.318211,0.5
2025-12-30,BACA,BANK,1.3,0.5,-5613313000.89924,0.4
2025-12-30,CBRE,TRANSPORTATION,7.69,-0.1131221719457014,-5563243352.606653,0.3
2025-12-30,MPOW,ENERGY,64.25,-0.023809523809523836,-5489866807.221385,0.3
2025-12-30,GDST,METAL AND ALLIED PRODUCTS,8.01,0.02499999999999991,-5409277842.959125,0.4
2025-12-30,DGNS,HEALTH CARE,1.12,0.03370786516853941,-5337056981.567076,0.5
2025-12-30,VOKS,CABLE,84.92,-0.03053435114503822,-5100299430.283429,0.6
2025-12-30,JKON,BUILDING CONSTRUCTION,4.15,0.0117647058823529,-4916231661.126036,0.4
2025-12-30,MKAP,OTHERS - MINING,0.34,0.00588235294117645,-4896459469.1659,0.3
2025-12-30,LIVE,WHOLESALE (DURABLE & NON DURABLE GOODS),0.24,-0.008547008547008517,-4827558848.652844,0.6
2025-12-30,KAEF,PHARMACEUTICALS,0.06,-0.04629629629629628,-4660074990.174248,0.2
2025-12-30,MDKI,METAL AND ALLIED PRODUCTS,2.86,0.04950495049504955,-4625195982.035414,0.4
2025-12-30,TRGU,FOOD & BEVERAGES,13.88,0.005025125628140614,-4600475085.164231,0.3
2025-12-30,FITT,"RESTAURANT, HOTEL & TOURISM",0.02,-0.20143884892086328,-4571980381.625456,0.2
2025-12-30,RISE,PROPERTY AND REAL ESTATE,0.0,-0.054973821989528826,-4496864081.127484,0.6
2025-12-30,AXIO,COMPUTER AND SERVICES,0.02,-0.015151515151515138,-4421542807.399691,0.4
2025-12-30,SMKL,PULP & PAPER,5.02,0.0235294117647058,-4388918652.020445,0.5
2025-12-30,WTON,CEMENT,1.04,0.04123711340206193,-4308771607.0359335,0.5
2025-12-30,PANS,SECURITIES COMPANY,2.12,0.023972602739726012,-4126816423.1219683,0.2
2025-12-30,SURI,HEALTH CARE,0.01,-0.08999999999999997,-4088273062.270714,0.2
2025-12-30,RONY,OTHERS - MISCELLANENEOUS INDUSTRY,80.02,0.0026954177897573484,-4059619691.8979673,0.2
2025-12-30,SOFA,WOOD INDUSTRIES,0.04,-0.15068493150684936,-4009169398.5399714,0.6
2025-12-30,BALI,TELECOMUNICATION,10.53,0.02298850574712641,-3822419610.469747,0.3
2025-12-30,BGTG,BANK,33.62,0.02586206896551735,-3774286515.3175645,0.4
2025-12-30,ELTY,PROPERTY AND REAL ESTATE,12.17,0.0714285714285714,-3701817365.1563454,0.4
2025-12-30,GULA,PLANTATION,0.14,-0.058394160583941646,-3576267075.0083847,0.7
2025-12-30,BINA,BANK,30.04,0.0,-3536661909.539862,0.2
2025-12-30,GEMA,WHOLESALE (DURABLE & NON DURABLE GOODS),1.6,0.01041666666666674,-3518683584.711169,0.5
2025-12-30,SHID,"RESTAURANT, HOTEL & TOURISM",0.44,0.005586592178770999,-3339310858.71451,0.3
2025-12-30,VICI,COSMETICS AND HOUSEHOLD,25.07,-0.1392405063291139,-3335006179.3577023,0.4
2025-12-30,MHKI,OTHER - BASIC INDUSTRY AND CHEMICALS,0.04,0.04615384615384621,-3227544723.41241,0.4
2025-12-30,DEPO,RETAIL TRADE,24.56,-0.06474820143884896,-3199063304.6117187,0.2
2025-12-30,BNLI,BANK,98.75,0.10991379310344818,-3195597441.934121,0.8
2025-12-30,WSBP,BUILDING CONSTRUCTION,0.44,-0.14814814814814814,-3101856141.037803,0.2
2025-12-30,RDTX,PROPERTY AND REAL ESTATE,0.05,0.04329896907216502,-2813593631.0550075,0.2
2025-12-30,MSJA,"TEXTILE, GARMENT",2.58,-0.10106382978723405,-2773488918.0232925,0.5
2025-12-30,TRJA,TRANSPORTATION,1.27,0.08024691358024683,-2551290079.6436906,0.4
2025-12-30,MITI,LAND/STONE QUARRYING,0.17,0.18823529411764706,-2550899016.4840083,0.8
2025-12-30,BELL,"TEXTILE, GARMENT",1.13,0.014705882352941124,-2512402484.9503894,0.4
2025-12-30,KMDS,FOOD & BEVERAGES,6.16,0.014925373134328401,-2512252878.1269197,0.2
2025-12-30,CENT,NON BUILDING CONSTRUCTION,96.33,-0.012903225806451646,-2490178091.729953,0.2
2025-12-30,LPLI,"ADVERTISING,PRINTING and MEDIA",21.03,-0.2152466367713004,-2488832177.360017,0.3
2025-12-30,ISEA,FOOD & BEVERAGES,0.01,-0.019607843137254943,-2484178314.502036,0.4
2025-12-30,BOLA,"OTHERS - TRADE, SERVICES & INVESTMENT",4.95,-0.06451612903225812,-2463981515.1534295,0.3
2025-12-30,ITIC,TOBACCO MANUFACTURERS,11.94,-0.016393442622950838,-2462509924.8053045,0.8
2025-12-30,FISH,WHOLESALE (DURABLE & NON DURABLE GOODS),0.16,-0.12227074235807855,-2406665829.3089733,0.2
2025-12-30,UVCR,COMPUTER AND SERVICES,0.28,0.1287878787878789,-2358837248.967868,0.8
2025-12-30,MBTO,COSMETICS AND HOUSEHOLD,0.98,0.02285714285714291,-2307607545.4638815,0.5
2025-12-30,ASMI,INSURANCE,0.53,-0.0625,-2263634024.7635174,0.4
2025-12-30,PTIS,TRANSPORTATION,10.55,-0.011627906976744207,-2236373468.5378547,0.6
2025-12-30,LCKM,RETAIL TRADE,12.36,-0.042857142857142816,-2177987623.797846,0.4
2025-12-30,INDR,"TEXTILE, GARMENT",2.5,0.021897810218978186,-2159423155.9095216,0.1
2025-12-30,AMAG,INSURANCE,1.99,0.05789473684210522,-2158558682.923105,0.5
2025-12-30,CHIP,COMPUTER AND SERVICES,0.01,0.04263565891472876,-2144140340.380706,0.3
2025-12-30,KOBX,WHOLESALE (DURABLE & NON DURABLE GOODS),0.35,0.035532994923857864,-2101348369.480083,0.5
2025-12-30,ANJT,PLANTATION,0.84,0.0,-2026432244.2398314,0.0
2025-12-30,KOTA,NON BUILDING CONSTRUCTION,1.82,0.23404255319148937,-2023073172.5959718,0.0
2025-12-30,RUIS,CRUDE PETROLEUM & NATURAL GAS PROD.,14.91,0.10679611650485432,-2020248266.1055713,0.3
2025-12-30,CTTH,LAND/STONE QUARRYING,20.81,-0.3853211009174312,-1990874286.3510578,
2025-12-30,HAIS,TRANSPORTATION,0.52,0.09009009009009006,-1956572054.9577942,0.8
2025-12-30,PICO,METAL AND ALLIED PRODUCTS,0.31,-0.12605042016806722,-1891835336.2160897,0.4
2025-12-30,MPRO,PROPERTY AND REAL ESTATE,14.76,0.0,-1870752355.7384124,0.0
2025-12-30,POLU,"TEXTILE, GARMENT",0.01,-0.06343283582089554,-1827818540.2539,0.1
2025-12-30,PADA,TELECOMUNICATION,0.13,0.25619834710743805,-1806679189.9688175,0.4
2025-12-30,KINO,COSMETICS AND HOUSEHOLD,14.82,0.0219780219780219,-1785964359.1572883,0.5
2025-12-30,COAL,COAL MINING,0.06,-0.3484848484848485,-1774800542.6743865,0.5
2025-12-30,PAMG,PROPERTY AND REAL ESTATE,0.11,0.045454545454545414,-1754980008.2329247,0.4
2025-12-30,ZINC,COAL MINING,5.3,-0.030303030303030276,-1699127764.290802,0.2
2025-12-30,BKSW,BANK,94.8,-0.04477611940298509,-1683851150.372665,0.2
2025-12-30,AREA,COMPUTER AND SERVICES,0.33,-0.07758620689655171,-1680529891.7265034,0.6
2025-12-30,KING,"OTHERS - TRADE, SERVICES & INVESTMENT",0.06,0.02941176470588225,-1668078422.581802,0.1
2025-12-30,NTBK,AUTOMOTIVE AND COMPONENTS,0.14,0.07692307692307687,-1647626362.7811382,0.7
2025-12-30,MDRN,WHOLESALE (DURABLE & NON DURABLE GOODS),16.76,0.023255813953488413,-1606320581.5654602,0.3
2025-12-30,BRNA,PLASTICS & PACKAGING,14.23,0.0,-1574944190.783242,0.7
2025-12-30,INDS,AUTOMOTIVE AND COMPONENTS,5.5,0.008928571428571397,-1512280631.5160174,0.2
2025-12-30,GTBO,COAL MINING,70.45,-0.08461538461538465,-1503737265.5191731,0.9
2025-12-30,UNSP,PLANTATION,14.64,0.371069182389937,-1485006796.838063,
2025-12-30,SMDM,PROPERTY AND REAL ESTATE,0.03,0.0,-1481173295.8951635,0.5
2025-12-30,PDPP,PLASTICS & PACKAGING,16.1,0.012345679012345734,-1466320249.337965,0.6
2025-12-30,KOKA,CONSTRUCTION,0.28,0.16831683168316824,-1404075466.276417,0.6
2025-12-30,CSAP,RETAIL TRADE,24.8,-0.03658536585365857,-1353046379.0973017,0.2
2025-12-30,RANC,RETAIL TRADE,0.11,-0.037234042553191515,-1337889877.4714491,0.3
2025-12-30,SIPD,ANIMAL FEED,1.53,0.15384615384615374,-1333050077.1681628,0.0
2025-12-30,JATI,COMPUTER AND SERVICES,0.9,-0.06474820143884896,-1309049419.228445,0.5
2025-12-30,SAMF,CROPS,0.03,-0.012820512820512775,-1307230895.0379508,0.9
2025-12-30,UANG,PROPERTY AND REAL ESTATE,0.0,-0.07407407407407407,-1304485060.9201615,0.8
2025-12-30,PTSN,ELECTRONICS,25.66,0.0,-1260616617.485705,0.5
2025-12-30,LUCY,"RESTAURANT, HOTEL & TOURISM",0.0,1.2844827586206895,-1256253147.4272377,0.0
2025-12-30,IPAC,PROPERTY AND REAL ESTATE,98.61,-0.14893617021276595,-1239763754.8758578,0.1
2025-12-30,HRME,"RESTAURANT, HOTEL & TOURISM",1.32,0.3414634146341464,-1236405644.1354434,0.1
2025-12-30,BINO,PROPERTY AND REAL ESTATE,86.07,-0.0547945205479452,-1203535923.0644627,0.5
2025-12-30,BPTR,TRANSPORTATION,0.75,-0.02197802197802201,-1156086381.286953,0.0
2025-12-30,DCII,COMPUTER AND SERVICES,15.33,-0.18300653594771243,-1140665843.7276974,0.1
2025-12-30,JECC,CABLE,1.94,0.01333333333333342,-1107657706.5433884,0.2
2025-12-30,REAL,PROPERTY AND REAL ESTATE,6.91,-0.11538461538461542,-1040541326.2305448,0.6
2025-12-30,GMFI,MACHINERY AND HEAVY EQUIPMENT,0.11,-0.3925925925925926,-1001946856.3743511,0.4
2025-12-30,CAKK,"CERAMICS, GLASS, PORCELAIN",0.04,0.011235955056179803,-993676373.8290783,0.5
2025-12-30,WINR,PROPERTY AND REAL ESTATE,0.51,-0.06818181818181823,-990100061.5812064,0.0
2025-12-30,PKPK,CONSTRUCTION,0.45,0.13362068965517238,-979270503.5284957,
2025-12-30,JAWA,PLANTATION,1.44,0.010471204188481575,-946752662.957421,0.5
2025-12-30,ASBI,INSURANCE,0.49,-0.021739130434782594,-939253118.4834758,0.0
2025-12-30,BUKK,"TOLL ROAD, AIRPORT, HARBOR & ALLIED PROD.",0.24,0.018567639257294433,-922455127.0538414,0.4
2025-12-30,TAMU,TRANSPORTATION,14.73,0.06060606060606055,-921043598.7768934,0.1
2025-12-30,BRAM,AUTOMOTIVE AND COMPONENTS,63.64,-0.002169197396963085,-910358403.0057892,0.0
2025-12-30,NETV,"ADVERTISING,PRINTING and MEDIA",0.52,0.278688524590164,-906619914.3547814,0.5
2025-12-30,SICO,ENERGY,0.29,-0.03875968992248058,-884764032.5912765,0.3
2025-12-30,BUAH,FOOD & BEVERAGES,0.02,-0.022727272727272707,-883227242.4982271,0.1
2025-12-30,DEWA,COAL MINING,19.36,0.1074380165289257,-849401339.0700623,0.3
2025-12-30,PLAN,"RESTAURANT, HOTEL & TOURISM",1.07,-0.04255319148936165,-827003127.3280045,0.0
2025-12-30,SFAN,INVESTMENT COMPANY,0.01,0.0,-805817747.3133602,0.2
2025-12-30,KJEN,TRANSPORTATION,0.01,-0.10169491525423724,-802848935.8285644,0.3
2025-12-30,CRSN,OTHER SECTORS,0.02,-0.06106870229007633,-761521463.4679015,0.7
2025-12-30,INPC,BANK,8.01,-0.0331125827814569,-755061908.9205022,0.2
2025-12-30,TAXI,TRANSPORTATION,3.69,-0.13043478260869568,-750626932.6221766,0.2
2025-12-30,BBMD,BANK,4.26,0.03797468354430378,-660035008.0256125,
2025-12-30,BAJA,METAL AND ALLIED PRODUCTS,0.13,-0.06321839080459768,-645394270.6966438,0.4
2025-12-30,GRPH,"RESTAURANT, HOTEL & TOURISM",0.55,-0.0625,-642279196.2708223,0.0
2025-12-30,ICON,"RESTAURANT, HOTEL & TOURISM",3.52,0.0,-638436599.0628892,0.0
2025-12-30,KOCI,PROPERTY AND REAL ESTATE,0.01,-0.02298850574712641,-633321720.3160915,0.4
2025-12-30,POLY,"TEXTILE, GARMENT",66.28,-0.03448275862068961,-631038232.9889305,0.0
2025-12-30,IRRA,PHARMACEUTICALS,2.15,-0.036363636363636376,-626440990.2892759,0.4
2025-12-30,MTFN,INVESTMENT COMPANY,40.37,0.0,-619290462.913717,0.1
2025-12-30,BESS,TRANSPORTATION,0.01,-0.04504504504504503,-607880166.4300388,0.2
2025-12-30,KSIX,PROPERTY AND REAL ESTATE,11.29,0.009852216748768461,-606198086.9750549,0.4
2025-12-30,TARA,PROPERTY AND REAL ESTATE,11.25,0.032258064516129004,-597816738.5254824,0.0
2025-12-30,RAFI,"OTHERS - TRADE, SERVICES & INVESTMENT",0.44,0.0,-589646158.794437,0.0
2025-12-30,KMTR,OTHERS - MISCELLANENEOUS INDUSTRY,69.03,0.014598540145985384,-562173324.303111,0.7
2025-12-30,TAYS,FOOD & BEVERAGES,15.02,-0.03749999999999998,-558206554.3062952,0.1
2025-12-30,TRST,PLASTICS & PACKAGING,5.01,0.12445414847161573,-558041044.5954145,0.1
2025-12-30,ARTA,"RESTAURANT, HOTEL & TOURISM",5.99,0.1333333333333333,-549695387.339686,0.4
2025-12-30,LAJU,CONSTRUCTION,0.41,-0.025974025974025983,-513082811.45338887,0.8
2025-12-30,INAI,METAL AND ALLIED PRODUCTS,0.09,-0.01342281879194629,-511115793.5291396,0.0
2025-12-30,TRUE,PROPERTY AND REAL ESTATE,0.06,-0.07894736842105265,-508885569.09621924,
2025-12-30,FLMC,OTHER - BASIC INDUSTRY AND CHEMICALS,0.04,-0.04137931034482756,-501381565.35140824,0.0
2025-12-30,BOAT,OTHERS - MISCELLANENEOUS INDUSTRY,0.12,0.028037383177569986,-501180217.9665325,0.5
2025-12-30,RIGS,TRANSPORTATION,5.01,0.020000000000000018,-485481469.141263,0.4
2025-12-30,AMMS,FISHERY,0.14,0.07943925233644866,-480632793.57592905,0.3
2025-12-30,SEMA,ENERGY,0.57,0.0,-478189117.3107377,0.0
2025-12-30,MSIE,PROPERTY AND REAL ESTATE,0.12,0.02127659574468077,-464038006.0708054,0.1
2025-12-30,MAPB,"RESTAURANT, HOTEL & TOURISM",23.61,-0.02848101265822789,-461090706.4711334,0.1
2025-12-30,VAST,PROPERTY AND REAL ESTATE,0.03,-0.017857142857142905,-449199814.12096167,0.5
2025-12-30,TFAS,"OTHERS - TRADE, SERVICES & INVESTMENT",6.72,-0.046052631578947345,-447506049.5568013,0.3
2025-12-30,IKAN,FISHERY,0.1,-0.02631578947368418,-426300550.043008,0.5
2025-12-30,IKPM,HEALTH CARE,0.04,0.009009009009008917,-415966082.8555923,0.1
2025-12-30,ATIC,COMPUTER AND SERVICES,37.34,0.0,-415559546.1097335,0.3
2025-12-30,INCF,CONSTRUCTION,0.91,-0.02985074626865669,-412019110.376614,0.0
2025-12-30,IMJS,FINANCIAL INSTITUTION,0.19,-0.28787878787878785,-411067544.8879264,0.7
2025-12-30,SAFE,TRANSPORTATION,38.2,-0.0430622009569378,-404912929.63619554,0.4
2025-12-30,ARKA,MACHINERY AND HEAVY EQUIPMENT,0.24,0.0,-374074115.0115388,0.0
2025-12-30,OKAS,WHOLESALE (DURABLE & NON DURABLE GOODS),11.26,-0.0993788819875776,-371595134.2925042,0.7
2025-12-30,BSBK,PROPERTY AND REAL ESTATE,0.95,-0.02777777777777779,-347792090.9555893,0.4
2025-12-30,ASRM,INSURANCE,0.9,-0.006249999999999978,-344075123.7179969,0.0
2025-12-30,PNSE,"RESTAURANT, HOTEL & TOURISM",0.91,-0.013333333333333308,-339024009.17923534,0.4
2025-12-30,BCIP,PROPERTY AND REAL ESTATE,1.1,-0.04597701149425293,-324382063.36202174,0.6
2025-12-30,GWSA,PROPERTY AND REAL ESTATE,0.18,0.025974025974025983,-323010107.10671604,0.4
2025-12-30,IKBI,CABLE,3.47,0.0,-320855325.57885814,0.0
2025-12-30,CBPE,PROPERTY AND REAL ESTATE,0.05,0.0,-317002497.8169539,0.2
2025-12-30,GOLD,TELECOMUNICATION,5.28,-0.017857142857142905,-312782146.0891465,0.4
2025-12-30,BEER,FOOD & BEVERAGES,0.01,0.13461538461538458,-306191102.41706383,0.6
2025-12-30,KLIN,HOUSEWARE,0.77,-0.005494505494505475,-289827968.1488923,0.0
2025-12-30,SOHO,PHARMACEUTICALS,90.9,-0.010830324909747335,-287802574.89568454,0.2
2025-12-30,BAUT,METAL AND ALLIED PRODUCTS,54.22,-0.052631578947368474,-261443233.67752823,0.0
2025-12-30,HBAT,PROPERTY AND REAL ESTATE,0.08,0.4841269841269842,-254823431.58474222,0.4
2025-12-30,UNIC,CHEMICALS,0.28,0.008356545961002881,-231691643.46326032,0.2
2025-12-30,SOUL,FOOD & BEVERAGES,0.17,-0.12643678160919536,-222498179.26013762,0.0
2025-12-30,PGUN,CROPS,0.0,-0.07345971563981046,-218445333.67627925,0.5
2025-12-30,KUAS,OTHER - BASIC INDUSTRY AND CHEMICALS,0.26,0.04166666666666674,-207314234.83742827,0.5
2025-12-30,RICY,"TEXTILE, GARMENT",7.96,0.0,-204288251.33188158,0.0
2025-12-30,SWID,PROPERTY AND REAL ESTATE,0.01,-0.10526315789473684,-185898215.67078394,0.5
2025-12-30,BMAS,BANK,83.55,-0.007633587786259555,-178412064.09861192,0.1
2025-12-30,KBAG,PROPERTY AND REAL ESTATE,0.26,0.0652173913043479,-177790463.00989717,0.1
2025-12-30,AMOR,FINANCIAL INSTITUTION,2.89,0.005208333333333259,-167685958.105275,0.1
2025-12-30,AKSI,WHOLESALE (DURABLE & NON DURABLE GOODS),0.0,0.09633027522935778,-166045913.74516115,0.3
2025-12-30,STTP,FOOD & BEVERAGES,4.7,0.012886597938144284,-147082967.14971083,0.2
2025-12-30,LPPS,INVESTMENT COMPANY,4.01,-0.06140350877192979,-141848926.92172965,0.7
2025-12-30,DART,PROPERTY AND REAL ESTATE,3.0,0.07344632768361592,-138192349.73719352,0.5
2025-12-30,POLI,PROPERTY AND REAL ESTATE,0.0,-0.32173913043478264,-138155043.19987515,0.0
2025-12-30,EPAC,PLASTICS & PACKAGING,0.08,0.21875,-134170574.16386673,0.0
2025-12-30,CLAY,"RESTAURANT, HOTEL & TOURISM",0.0,-0.12030075187969924,-132643727.97561327,0.0
2025-12-30,TNCA,TRANSPORTATION,27.65,0.0,-125410740.89308827,0.5
2025-12-30,SONA,"RESTAURANT, HOTEL & TOURISM",49.58,-0.04054054054054057,-116549950.01186816,0.3
2025-12-30,LION,METAL AND ALLIED PRODUCTS,17.17,0.009389671361502261,-116285762.46533215,0.3
2025-12-30,BAPI,PROPERTY AND REAL ESTATE,0.48,-0.18181818181818177,-109386770.23804021,0.3
2025-12-30,ZONE,RETAIL TRADE,0.0,-0.028037383177570097,-107744024.13165574,0.0
2025-12-30,MASB,BANK,6.55,0.20779220779220786,-104203921.54678729,0.2
2025-12-30,TOOL,WHOLESALE (DURABLE & NON DURABLE GOODS),0.17,0.0,-103351572.93574595,0.0
2025-12-30,AKPI,PLASTICS & PACKAGING,0.02,0.008849557522123908,-102977583.66634491,0.1
2025-12-30,ISAP,MACHINERY AND HEAVY EQUIPMENT,0.14,-0.09999999999999998,-99965280.9556182,0.1
2025-12-30,PNGO,PLANTATION,0.02,0.030000000000000027,-98425354.69069603,0.7
2025-12-30,APLI,PLASTICS & PACKAGING,0.04,-0.09661835748792269,-96643997.68462709,0.3
2025-12-30,TAMA,BUILDING CONSTRUCTION,0.23,0.4054054054054055,-93105222.33656104,0.0
2025-12-30,ENZO,FISHERY,0.16,-0.12,-92917051.00320202,0.0
2025-12-30,LFLO,HOUSEWARE,0.0,-0.04895104895104896,-92240394.55186671,0.1
2025-12-30,HDIT,COMPUTER AND SERVICES,0.12,-0.16666666666666663,-87460858.21949488,0.5
2025-12-30,TIRA,WHOLESALE (DURABLE & NON DURABLE GOODS),0.01,-0.018382352941176516,-85512517.1889797,0.2
2025-12-30,BBSS,PROPERTY AND REAL ESTATE,0.0,-0.043269230769230727,-83621702.26687008,0.3
2025-12-30,BMSR,WHOLESALE (DURABLE & NON DURABLE GOODS),73.11,0.061224489795918435,-76623197.32362552,0.2
2025-12-30,CINT,HOUSEWARE,21.93,0.2774869109947644,-70325673.87176296,0.4
2025-12-30,PUDP,PROPERTY AND REAL ESTATE,1.08,-0.5210084033613445,-69555394.0988014,0.3
2025-12-30,ARGO,"TEXTILE, GARMENT",0.17,-0.00995024875621886,-67733053.61947364,0.1
2025-12-30,LAND,BUILDING CONSTRUCTION,0.02,0.44999999999999996,-60651296.566936076,0.0
2025-12-30,NASI,FOOD & BEVERAGES,0.01,-0.00917431192660545,-57819557.19445805,0.6
2025-12-30,SBMA,CHEMICALS,0.28,0.0234375,-55471754.26144993,0.0
2025-12-30,IBST,TELECOMUNICATION,0.0,0.07660455486542439,-53591051.13636364,
2025-12-30,PSGO,PLANTATION,10.86,0.0,-53555283.52297878,0.1
2025-12-30,ANDI,FORESTRY,0.02,-0.15625,-50959556.27287499,0.0
2025-12-30,BMBL,OTHERS - CONSUMER GOODS INDUSTRY,0.05,0.0,-50542374.79060911,0.3
2025-12-30,ESTI,"TEXTILE, GARMENT",0.06,-0.10256410256410253,-32748454.63131703,0.4
2025-12-30,KICI,HOUSEWARE,2.22,-0.1495726495726496,-31447713.414963137,0.0
2025-12-30,OMRE,PROPERTY AND REAL ESTATE,44.9,-0.09292035398230092,-29709421.153299913,
2025-12-30,PSDN,FOOD & BEVERAGES,0.06,-0.10344827586206895,-29202809.343919903,0.5
2025-12-30,VICO,OTHERS - FINANCE,22.92,-0.028846153846153855,-25832166.36770446,0.5
2025-12-30,CTBN,METAL AND ALLIED PRODUCTS,99.78,-0.024793388429752095,-23682979.93484572,0.1
2025-12-30,NASA,"RESTAURANT, HOTEL & TOURISM",0.0,-0.09302325581395354,-23349341.441352125,0.0
2025-12-30,DMND,FOOD & BEVERAGES,26.94,0.15999999999999992,-22711007.491959065,0.4
2025-12-30,DIGI,"ADVERTISING,PRINTING and MEDIA",0.02,-0.13157894736842102,-21667809.8999099,0.0
2025-12-30,TRUS,FINANCIAL INSTITUTION,0.02,0.022421524663677195,-19422949.961410828,0.1
2025-12-30,RUNS,INVESTMENT COMPANY,0.24,-0.06315789473684208,-18503192.96071029,0.0
2025-12-30,PDES,"RESTAURANT, HOTEL & TOURISM",0.0,0.0,-15982578.596806277,0.1
2025-12-30,LPIN,AUTOMOTIVE AND COMPONENTS,0.0,-0.018181818181818188,-15297674.035568673,0.3
2025-12-30,JAYA,TRANSPORTATION,1.48,0.14953271028037385,-12648579.770625459,0.6
2025-12-30,SOTS,PROPERTY AND REAL ESTATE,0.01,0.20465116279069773,-10841856.927770639,
2025-12-30,RELI,SECURITIES COMPANY,0.0,-0.12096774193548387,-10498931.229398897,0.2
2025-12-30,ABDA,INSURANCE,99.68,0.3420074349442379,-8680000.0,
2025-12-30,BIPP,PROPERTY AND REAL ESTATE,69.11,0.18518518518518512,-8350069.539585186,0.0
2025-12-30,SOSS,OTHERS - MISCELLANENEOUS INDUSTRY,0.0,0.3935483870967742,-7971543.028580083,0.0
2025-12-30,INTD,WHOLESALE (DURABLE & NON DURABLE GOODS),54.75,0.028037383177569986,-6824538.763748227,0.0
2025-12-30,PTPW,BUILDING CONSTRUCTION,0.0,0.0670103092783505,-6427540.62033669,0.2
2025-12-30,RBMS,PROPERTY AND REAL ESTATE,0.04,-0.04761904761904767,-5761290.039199062,0.0
2025-12-30,INCI,CHEMICALS,0.78,-0.08750000000000002,-5236118.844375368,0.2
2025-12-30,AKKU,"RESTAURANT, HOTEL & TOURISM",4.55,-0.11111111111111116,-4080444.5234708395,0.0
2025-12-30,RODA,PROPERTY AND REAL ESTATE,6.77,0.020408163265306145,-3498345.5186460875,0.0
2025-12-30,TIRT,WOOD INDUSTRIES,0.6,0.09482758620689657,-3294529.9199023773,
2025-12-30,ZYRX,COMPUTER AND SERVICES,0.0,0.0,-3047221.3531154045,0.5
2025-12-30,BTON,METAL AND ALLIED PRODUCTS,1.67,0.0,-1531286.3070079305,0.0
2025-12-30,STAR,"TEXTILE, GARMENT",8.7,0.2514619883040936,-1430913.3877714097,0.3
2025-12-30,IBFN,FINANCIAL INSTITUTION,2.72,0.9206349206349207,0.0,
2025-12-30,BSWD,BANK,0.26,0.0625,0.0,
2025-12-30,DEFI,INVESTMENT COMPANY,5.93,0.7426900584795322,12862.141448880138,
2025-12-30,ROCK,PROPERTY AND REAL ESTATE,0.0,-0.09969788519637457,4005714.416905223,
2025-12-30,YPAS,PLASTICS & PACKAGING,0.0,-0.1901408450704225,4240676.370713372,0.3
2025-12-30,IFSH,METAL AND MINERAL MINING,0.07,-0.012499999999999956,4772920.283465277,0.4
2025-12-30,SKBM,FOOD & BEVERAGES,39.89,0.23469387755102034,4909773.588272703,0.2
2025-12-30,GMTD,PROPERTY AND REAL ESTATE,0.01,0.5607476635514019,6718292.886090462,0.2
2025-12-30,MIRA,TRANSPORTATION,20.58,0.1785714285714286,8933611.678939626,0.0
2025-12-30,LRNA,TRANSPORTATION,0.0,0.40740740740740744,9448191.45841071,0.1
2025-12-30,HDFA,FINANCIAL INSTITUTION,59.9,-0.11267605633802813,9854584.162090093,0.5
2025-12-30,HOKI,FOOD & BEVERAGES,0.15,-0.013513513513513487,12731721.266947966,0.8
2025-12-30,POLA,FINANCIAL INSTITUTION,0.0,0.05769230769230771,13299457.976329809,0.0
2025-12-30,EKAD,CHEMICALS,5.22,-0.016042780748663055,16910866.95257113,0.1
2025-12-30,OILS,PLANTATION,0.0,-0.04958677685950408,18050473.524355847,0.6
2025-12-30,TIFA,FINANCIAL INSTITUTION,84.65,0.00421940928270037,20095995.76433117,0.6
2025-12-30,VINS,INSURANCE,0.0,0.044303797468354444,21112663.27669797,0.4
2025-12-30,APII,METAL AND ALLIED PRODUCTS,20.18,0.045685279187817285,22877572.583669562,0.4
2025-12-30,ASJT,INSURANCE,0.02,0.34751773049645385,23175563.00718203,0.3
2025-12-30,LMPI,HOUSEWARE,0.59,-0.0071428571428571175,26520081.79176184,0.0
2025-12-30,KKES,CHEMICALS,0.02,-0.032258064516129004,33598907.17696356,0.0
2025-12-30,ESIP,PLASTICS & PACKAGING,0.12,-0.08791208791208793,33697370.46139537,0.4
2025-12-30,GSMF,INVESTMENT COMPANY,68.68,-0.09090909090909094,38884481.56018654,0.8
2025-12-30,KONI,OTHER SECTORS,0.0,-0.08771929824561409,45561935.481504396,0.4
2025-12-30,BBSI,BANK,4.58,0.0,48046533.08238995,0.1
2025-12-30,PPGL,TRANSPORTATION,0.02,0.1719745222929936,49077405.53677005,0.8
2025-12-30,BKDP,PROPERTY AND REAL ESTATE,0.59,0.04878048780487809,50334608.75245462,0.1
2025-12-30,GLVA,COMPUTER AND SERVICES,19.64,0.03883495145631066,53536794.11056645,0.5
2025-12-30,FMII,PROPERTY AND REAL ESTATE,2.68,-0.02631578947368418,55293182.582208455,0.3
2025-12-30,ALDO,PULP & PAPER,0.0,0.1428571428571428,60716863.58140548,0.2
2025-12-30,PRAY,HEALTH CARE,34.67,0.028901734104046284,65635460.70429313,0.4
2025-12-30,BOLT,AUTOMOTIVE AND COMPONENTS,17.1,-0.004878048780487809,88481636.06407022,0.0
2025-12-30,BATR,OTHER - BASIC INDUSTRY AND CHEMICALS,0.1,-0.017391304347826098,88696558.77042207,0.2
2025-12-30,PCAR,FISHERY,0.11,0.07894736842105265,94947465.25923945,0.0
2025-12-30,AGAR,"OTHERS - TRADE, SERVICES & INVESTMENT",0.01,-0.01666666666666672,98410856.04543087,0.1
2025-12-30,ADMG,"TEXTILE, GARMENT",49.84,0.25,101100355.7944556,0.4
2025-12-30,IDPR,BUILDING CONSTRUCTION,2.7,-0.0821917808219178,101159584.7808105,0.0
2025-12-30,EDGE,TELECOMUNICATION,99.62,0.006696428571428603,106055062.60922661,0.6
2025-12-30,ARII,COAL MINING,17.72,0.07333333333333325,106597502.84765205,0.6
2025-12-30,SSTM,"TEXTILE, GARMENT",0.01,0.8050541516245486,116151876.02673888,
2025-12-30,SAME,HEALTH CARE,0.16,-0.12135922330097082,119583166.36533503,0.6
2025-12-30,HADE,INVESTMENT COMPANY,0.44,-0.03703703703703709,122354323.3855763,0.0
2025-12-30,KOIN,RETAIL TRADE,0.1,-0.14141414141414144,125134680.31576014,0.0
2025-12-30,IFII,WOOD INDUSTRIES,32.44,-0.026548672566371723,136375669.17750952,0.1
2025-12-30,GGRP,METAL AND ALLIED PRODUCTS,3.68,0.13178294573643412,137052536.03859514,0.4
2025-12-30,KOPI,ENERGY,7.5,0.0,138028443.28179106,0.2
2025-12-30,BLUE,COMPUTER AND SERVICES,0.02,-0.06624605678233442,146567422.4301328,0.5
2025-12-30,JMAS,INSURANCE,0.03,0.08808290155440424,147681191.5495088,0.4
2025-12-30,TRIS,"TEXTILE, GARMENT",8.78,0.02127659574468077,152694668.43170753,0.3
2025-12-30,IPOL,PLASTICS & PACKAGING,3.79,-0.008196721311475419,152706071.14388436,0.4
2025-12-30,JSPT,"RESTAURANT, HOTEL & TOURISM",33.41,-0.03076923076923077,153074032.2449636,0.2
2025-12-30,CASH,OTHERS - FINANCE,2.42,-0.009615384615384581,161473712.8570878,0.2
2025-12-30,BOBA,FOOD & BEVERAGES,17.53,-0.04712041884816753,176691490.41827506,0.4
2025-12-30,AHAP,INSURANCE,4.88,0.19387755102040827,184088101.91011286,0.4
2025-12-30,MCOR,BANK,74.71,0.027397260273972712,202103349.34317154,0.5
2025-12-30,CEKA,FOOD & BEVERAGES,5.59,0.0,204184398.42723083,0.2
2025-12-30,ZATA,"TEXTILE, GARMENT",0.04,-0.046875,206711813.2115542,0.4
2025-12-30,JAST,TELECOMUNICATION,32.97,-0.02857142857142858,218229657.13733053,0.1
2025-12-30,NZIA,BUILDING CONSTRUCTION,0.0,-0.0423728813559322,221140200.27992025,0.6
2025-12-30,FOOD,FOOD & BEVERAGES,0.01,-0.13793103448275867,226740753.33622107,0.0
2025-12-30,TMPO,"ADVERTISING,PRINTING and MEDIA",3.72,0.012048192771084265,227621778.11781287,0.3
2025-12-30,SDPC,WHOLESALE (DURABLE & NON DURABLE GOODS),74.04,-0.01898734177215189,234941759.89448863,0.2
2025-12-30,ATAP,PROPERTY AND REAL ESTATE,7.6,1.9245283018867925,239196883.14352217,0.2
2025-12-30,WGSH,"OTHERS - TRADE, SERVICES & INVESTMENT",0.03,-0.035211267605633756,240832244.05988845,0.2
2025-12-30,ADCP,PROPERTY AND REAL ESTATE,0.02,0.0,250973874.36760384,0.2
2025-12-30,GHON,TELECOMUNICATION,0.0,0.024464831804281273,256170287.76692623,0.4
2025-12-30,SURE,CRUDE PETROLEUM & NATURAL GAS PROD.,38.21,0.01908396946564883,256488321.82654715,0.2
2025-12-30,CITA,METAL AND MINERAL MINING,35.23,0.06682577565632464,267793120.32869977,0.4
2025-12-30,MOLI,CHEMICALS,1.09,0.013245033112582849,269644407.54960966,0.8
2025-12-30,URBN,PROPERTY AND REAL ESTATE,16.37,0.09090909090909083,286526068.1434115,0.3
2025-12-30,DADA,PROPERTY AND REAL ESTATE,0.1,0.0,289324699.324895,0.0
2025-12-30,KBLM,CABLE,0.07,-0.023255813953488413,294126752.7191703,0.0
2025-12-30,KRAS,METAL AND ALLIED PRODUCTS,2.62,-0.06043956043956045,312653264.89621145,0.3
2025-12-30,GUNA,FOOD & BEVERAGES,0.05,0.04861111111111116,317394270.8215167,0.3
2025-12-30,PNBS,BANK,17.9,-0.0535714285714286,321904083.7156039,0.6
2025-12-30,MGNA,PROPERTY AND REAL ESTATE,10.29,0.4761904761904763,355188553.9801296,0.5
2025-12-30,PEHA,PHARMACEUTICALS,0.01,-0.05660377358490565,359569610.23245287,0.7
2025-12-30,BRRC,FOOD & BEVERAGES,0.02,-0.18656716417910446,359940824.40473384,0.5
2025-12-30,ALKA,INVESTMENT COMPANY,0.8,0.028089887640449396,371528927.3713718,0.2
2025-12-30,EMDE,PROPERTY AND REAL ESTATE,6.97,0.03157894736842115,378916451.2055722,0.3
2025-12-30,OPMS,METAL AND ALLIED PRODUCTS,0.02,0.10655737704918034,380284285.4054512,0.6
2025-12-30,BAPA,PROPERTY AND REAL ESTATE,0.51,-0.04123711340206182,386125705.0657622,0.4
2025-12-30,MPXL,TRANSPORTATION,0.08,0.19999999999999996,402176380.8031665,0.2
2025-12-30,RELF,PROPERTY AND REAL ESTATE,0.05,0.022222222222222143,406933059.79606956,0.2
2025-12-30,ERTX,"TEXTILE, GARMENT",0.01,0.20418848167539272,411491137.6733985,0.6
2025-12-30,PMJS,RETAIL TRADE,34.03,0.027027027027026973,411602930.3360902,0.6
2025-12-30,DYAN,"OTHERS - TRADE, SERVICES & INVESTMENT",0.45,0.05555555555555558,422244745.2035701,0.5
2025-12-30,LUCK,"ADVERTISING,PRINTING and MEDIA",19.44,0.008130081300812941,448747122.88436633,0.5
2025-12-30,OBMD,LAND/STONE QUARRYING,0.0,0.030303030303030276,453073918.61164916,0.1
2025-12-30,ASDM,INSURANCE,1.75,0.02586206896551735,462395656.3426833,0.2
2025-12-30,INPS,CRUDE PETROLEUM & NATURAL GAS PROD.,0.0,0.8974358974358974,467315850.0634145,
2025-12-30,NIKL,METAL AND ALLIED PRODUCTS,55.3,-0.09895833333333337,526182319.97078687,0.5
2025-12-30,SDMU,TRANSPORTATION,1.89,0.061855670103092786,530760222.83933103,0.5
2025-12-30,MEDS,HEALTH CARE,0.16,-0.13414634146341464,531489194.44846284,0.5
2025-12-30,BAIK,FOOD & BEVERAGES,0.0,0.10924369747899165,542233714.745383,0.3
2025-12-30,MERK,PHARMACEUTICALS,16.53,0.033950617283950546,543431932.4862349,1.0
2025-12-30,WAPO,WHOLESALE (DURABLE & NON DURABLE GOODS),0.03,-0.07692307692307687,551678266.1000067,0.5
2025-12-30,INOV,OTHER - BASIC INDUSTRY AND CHEMICALS,4.62,-0.06015037593984962,559103503.0206252,0.3
2025-12-30,TYRE,AUTOMOTIVE AND COMPONENTS,0.08,-0.023809523809523836,576872961.4994768,0.1
2025-12-30,DEWI,OTHERS - CONSUMER GOODS INDUSTRY,1.47,-0.19148936170212771,581083263.108391,0.4
2025-12-30,CLPI,CHEMICALS,51.99,0.0,600850916.2104285,0.3
2025-12-30,RGAS,ENERGY,0.95,-0.01941747572815533,614348484.2998362,0.3
2025-12-30,NPGF,CHEMICALS,0.01,-0.032786885245901676,625821772.0551878,0.0
2025-12-30,UNTD,AUTOMOTIVE AND COMPONENTS,0.44,-0.040000000000000036,651898434.0870279,0.9
2025-12-30,WMUU,ANIMAL HUSBANDRY,0.19,-0.19736842105263153,654621166.1400774,0.2
2025-12-30,HGII,FINANCIAL INSTITUTION,27.61,-0.01948051948051943,669984524.6778561,0.3
2025-12-30,KAQI,AUTOMOTIVE AND COMPONENTS,0.12,0.02941176470588225,671581967.5745262,0.2
2025-12-30,AMIN,MACHINERY AND HEAVY EQUIPMENT,25.99,0.016260162601626105,686976714.602528,0.2
2025-12-30,TCID,COSMETICS AND HOUSEHOLD,2.36,-0.0033222591362126463,693364899.9831467,0.2
2025-12-30,SKLT,FOOD & BEVERAGES,59.58,0.06837606837606836,696548283.029813,0.3
2025-12-30,VERN,OTHERS - CONSUMER GOODS INDUSTRY,0.16,0.0,700740025.9592043,0.5
2025-12-30,GRPM,TRANSPORTATION,0.25,0.3999999999999999,716673017.403032,0.3
2025-12-30,NELY,TRANSPORTATION,4.05,0.03571428571428581,730289224.1989807,0.9
2025-12-30,AIMS,COAL MINING,0.38,-0.12844036697247707,739240618.0819741,0.3
2025-12-30,IGAR,PLASTICS & PACKAGING,0.18,-0.0945454545454546,764889167.7776012,0.4
2025-12-30,CRAB,FOOD & BEVERAGES,0.01,0.06060606060606055,780927458.9466465,0.3
2025-12-30,CMPP,TRANSPORTATION,46.33,-0.101010101010101,789257252.5073149,0.0
2025-12-30,VRNA,FINANCIAL INSTITUTION,67.6,0.02298850574712641,814546768.289474,0.2
2025-12-30,MUTU,OTHER - BASIC INDUSTRY AND CHEMICALS,0.69,-0.047244094488189003,821585191.5557531,0.7
2025-12-30,NANO,"OTHERS - TRADE, SERVICES & INVESTMENT",0.12,-0.061224489795918324,886691023.0637429,0.2
2025-12-30,VIVA,"ADVERTISING,PRINTING and MEDIA",36.45,0.09090909090909083,895215029.5386345,0.7
2025-12-30,DOOH,"ADVERTISING,PRINTING and MEDIA",0.24,-0.2222222222222222,912964921.413859,
2025-12-30,IDEA,"RESTAURANT, HOTEL & TOURISM",0.49,0.05555555555555558,946794520.8925292,0.1
2025-12-30,FAPA,INVESTMENT COMPANY,83.91,0.011904761904761862,957291507.6760105,0.6
2025-12-30,DFAM,PROPERTY AND REAL ESTATE,0.05,-0.020000000000000018,959038412.5311892,0.4
2025-12-30,MBAP,COAL MINING,4.47,0.0,1018803621.4577379,0.3
2025-12-30,PBID,PLASTICS & PACKAGING,0.18,0.008298755186721962,1132287737.6778805,0.0
2025-12-30,CCSI,CABLE,10.36,0.01754385964912286,1143348867.0402493,0.4
2025-12-30,LMAX,AUTOMOTIVE AND COMPONENTS,0.02,0.5307692307692307,1152320066.3002045,0.2
2025-12-30,WEHA,TRANSPORTATION,0.53,0.125,1163419260.3703496,0.4
2025-12-30,BVIC,BANK,14.06,0.05504587155963292,1204669193.123495,0.4
2025-12-30,MAXI,FOOD & BEVERAGES,0.02,-0.019230769230769273,1213562753.6286736,0.1
2025-12-30,DSFI,FISHERY,1.12,0.03125,1224335063.747239,0.4
2025-12-30,PEVE,HEALTH CARE,0.18,0.037735849056603765,1237123334.4932263,0.4
2025-12-30,GOLF,"RESTAURANT, HOTEL & TOURISM",0.06,0.03603603603603611,1242111801.8138173,0.6
2025-12-30,MMIX,HEALTH CARE,0.47,-0.05084745762711862,1259264958.24857,0.4
2025-12-30,CSIS,PROPERTY AND REAL ESTATE,0.25,-0.2318181818181818,1315749083.116069,0.6
2025-12-30,DNAR,BANK,28.96,-0.13888888888888884,1325405598.2407784,0.5
2025-12-30,MRAT,COSMETICS AND HOUSEHOLD,0.23,-0.1327433628318584,1330028241.792727,0.4
2025-12-30,BLES,CEMENT,0.15,-0.012345679012345734,1338192426.4835908,0.3
2025-12-30,KEJU,FOOD & BEVERAGES,22.52,0.10569105691056913,1344221369.8526766,0.3
2025-12-30,ATLA,ENERGY,0.03,-0.031746031746031744,1380229026.5080867,0.4
2025-12-30,DUTI,PROPERTY AND REAL ESTATE,7.08,-0.004761904761904745,1381497583.4720526,0.5
2025-12-30,BTPN,BANK,98.59,0.004739336492890933,1403081901.6119163,0.2
2025-12-30,BBRM,TRANSPORTATION,17.69,0.811965811965812,1416981682.8213124,
2025-12-30,KLAS,TRANSPORTATION,0.14,-0.03597122302158273,1447133851.2621655,0.6
2025-12-30,CSMI,"RESTAURANT, HOTEL & TOURISM",0.0,-0.045454545454545414,1466194216.8153307,0.5
2025-12-30,CHEM,"TEXTILE, GARMENT",0.05,-0.05940594059405946,1476112352.3778744,0.4
2025-12-30,SRSN,CHEMICALS,2.27,-0.016129032258064502,1482551747.6445928,0.2
2025-12-30,PTPS,OTHER - BASIC INDUSTRY AND CHEMICALS,0.03,0.0,1508020774.9445806,0.4
2025-12-30,TRUK,TRANSPORTATION,0.0,-0.11570247933884292,1565292292.6994417,0.4
2025-12-30,NAYZ,FOOD & BEVERAGES,0.23,-0.125,1592394752.286696,0.6
2025-12-30,AGRS,BANK,9.97,-0.0357142857142857,1635411638.3643146,0.6
2025-12-30,DAYA,RETAIL TRADE,81.08,0.015625,1735252290.7461154,0.2
2025-12-30,PURA,TRANSPORTATION,0.07,0.0,1735879187.5705292,0.4
2025-12-30,EPMT,WHOLESALE (DURABLE & NON DURABLE GOODS),2.43,-0.012875536480686733,1768548966.7147357,0.3
2025-12-30,SMBR,CEMENT,0.2,0.02127659574468077,1816543622.024903,0.6
2025-12-30,TBMS,METAL AND ALLIED PRODUCTS,16.63,0.04615384615384621,1817822747.4096808,0.3
2025-12-30,YOII,INSURANCE,5.23,0.0625,1850646832.2673821,0.6
2025-12-30,BTEK,FORESTRY,46.49,-0.15000000000000002,1858837102.1543987,0.1
2025-12-30,OLIV,HOUSEWARE,0.04,0.07462686567164178,1931729432.7458503,0.6
2025-12-30,PGLI,"RESTAURANT, HOTEL & TOURISM",0.03,-0.15037593984962405,1952266795.2419434,0.0
2025-12-30,NAIK,"OTHERS - TRADE, SERVICES & INVESTMENT",0.58,-0.03305785123966942,2018522326.1089115,0.2
2025-12-30,SOLA,CONSTRUCTION,0.04,0.016393442622950838,2094199896.6579857,0.5
2025-12-30,CITY,PROPERTY AND REAL ESTATE,0.02,-0.11688311688311692,2163702192.024454,
2025-12-30,DWGL,COAL MINING,2.42,0.0331125827814569,2185306399.066349,0.7
2025-12-30,PACK,OTHER - BASIC INDUSTRY AND CHEMICALS,0.03,0.002666666666666595,2196576017.923039,0.3
2025-12-30,PPRI,OTHERS - CONSUMER GOODS INDUSTRY,1.19,0.04166666666666674,2327384811.146805,0.5
2025-12-30,SPMA,PULP & PAPER,50.57,0.02564102564102555,2381723420.6370225,0.6
2025-12-30,SDRA,BANK,90.87,-0.014184397163120588,2397383906.2468786,0.7
2025-12-30,BABY,OTHERS - CONSUMER GOODS INDUSTRY,96.48,0.18939393939393945,2486027389.995681,0.6
2025-12-30,WOWS,CRUDE PETROLEUM & NATURAL GAS PROD.,0.04,0.023255813953488413,2514956184.9574485,0.4
2025-12-30,WIDI,CONSTRUCTION,0.32,0.05555555555555558,2585412650.6669054,0.5
2025-12-30,TGKA,INVESTMENT COMPANY,0.1,-0.01002004008016033,2613179241.6530333,0.2
2025-12-30,SULI,WOOD INDUSTRIES,60.22,-0.0357142857142857,2804853634.5327406,0.4
2025-12-30,MGRO,OTHERS - AGRICULTURE,29.45,-0.032258064516129004,2860663156.317275,0.0
2025-12-30,LABS,HEALTH CARE,3.93,-0.021428571428571463,2940646165.445249,0.1
2025-12-30,FIRE,ENERGY,0.98,0.18439716312056742,2990595864.67912,0.6
2025-12-30,HELI,TRANSPORTATION,10.21,-0.06779661016949157,3066869946.312001,0.0
2025-12-30,CAMP,FOOD & BEVERAGES,0.21,-0.018181818181818188,3094931877.693959,0.7
2025-12-30,NICK,INVESTMENT COMPANY,14.15,-0.008130081300813052,3156388409.427147,0.2
2025-12-30,GPRA,PROPERTY AND REAL ESTATE,1.03,0.10687022900763354,3245956089.5324545,0.5
2025-12-30,AYLS,RETAIL TRADE,0.08,-0.09599999999999997,3257846601.5131483,
2025-12-30,FOLK,"OTHERS - TRADE, SERVICES & INVESTMENT",0.02,-0.18367346938775508,3359140136.3028426,
2025-12-30,MDIA,"ADVERTISING,PRINTING and MEDIA",46.91,0.31343283582089554,3418597075.665857,
2025-12-30,KDSI,PULP & PAPER,0.35,0.013215859030837107,3484079679.4479723,0.0
2025-12-30,IMAS,AUTOMOTIVE AND COMPONENTS,51.03,-0.10588235294117643,3513645848.1497335,0.6
2025-12-30,LOPI,TRANSPORTATION,0.56,0.05590062111801242,3562248167.111689,0.6
2025-12-30,ACST,BUILDING CONSTRUCTION,0.12,0.007407407407407307,3674617723.084352,0.4
2025-12-30,PART,AUTOMOTIVE AND COMPONENTS,2.49,-0.136,3705531347.371606,0.2
2025-12-30,YULE,SECURITIES COMPANY,14.1,0.22222222222222232,3737835274.342012,0.2
2025-12-30,ASHA,FISHERY,1.35,-0.08860759493670889,3738591646.950742,0.6
2025-12-30,KDTN,"RESTAURANT, HOTEL & TOURISM",0.01,0.37096774193548376,3758916204.803778,0.4
2025-12-30,MPIX,"ADVERTISING,PRINTING and MEDIA",0.18,0.014285714285714235,3952838688.241852,0.1
2025-12-30,TLDN,PLANTATION,4.3,0.01449275362318847,3998299293.1850114,0.2
2025-12-30,TRIN,PROPERTY AND REAL ESTATE,0.01,0.04629629629629628,4011681907.939368,0.5
2025-12-30,SMGA,COAL MINING,0.27,0.009615384615384581,4035851320.71399,0.7
2025-12-30,BHAT,OTHERS - MISCELLANENEOUS INDUSTRY,5.77,-0.1551155115511551,4123887279.9429197,0.2
2025-12-30,PTMP,OTHER - BASIC INDUSTRY AND CHEMICALS,0.49,-0.0674157303370787,4137608152.491114,0.5
2025-12-30,LAPD,OTHER SECTORS,43.1,0.0062893081761006275,4215173756.9745283,0.8
2025-12-30,LEAD,TRANSPORTATION,7.6,0.8554216867469879,4257598674.128732,0.3
2025-12-30,PANR,"RESTAURANT, HOTEL & TOURISM",0.24,0.0390625,4481840678.766401,0.4
2025-12-30,HAJJ,"RESTAURANT, HOTEL & TOURISM",0.09,0.07692307692307687,4493840197.190739,0.6
2025-12-30,VISI,OTHER - BASIC INDUSTRY AND CHEMICALS,0.31,-0.125,4507816214.588676,0.2
2025-12-30,SINI,"RESTAURANT, HOTEL & TOURISM",16.36,0.6292134831460674,4537165664.470514,0.1
2025-12-30,MINA,PROPERTY AND REAL ESTATE,0.19,-0.21721311475409832,4687958342.156384,
2025-12-30,ASPI,PROPERTY AND REAL ESTATE,0.11,-0.03546099290780147,4760786418.478666,0.6
2025-12-30,SATU,BUILDING CONSTRUCTION,1.89,0.0234375,4762013229.550652,0.2
2025-12-30,TOSK,COMPUTER AND SERVICES,0.52,-0.12676056338028174,4840696339.344072,0.6
2025-12-30,AEGS,AUTOMOTIVE AND COMPONENTS,0.11,-0.25316455696202533,4868721243.664517,0.4
2025-12-30,SPRE,HOUSEWARE,2.75,0.26249999999999996,4904644044.618329,0.6
2025-12-30,INDO,PROPERTY AND REAL ESTATE,0.12,-0.03314917127071826,4929208800.362817,0.7
2025-12-30,ASLI,BUILDING CONSTRUCTION,0.06,-0.03703703703703709,4965927659.83831,0.5
2025-12-30,CBUT,PLANTATION,15.94,-0.17391304347826086,5018493463.745405,0.2
2025-12-30,PPRE,CONSTRUCTION,0.36,0.4786324786324787,5170556104.365702,0.7
2025-12-30,RCCC,TRANSPORTATION,1.37,-0.027472527472527486,5208608577.918578,0.1
2025-12-30,OBAT,PHARMACEUTICALS,1.33,-0.0628019323671497,5337464286.341135,0.0
2025-12-30,PADI,SECURITIES COMPANY,0.15,0.008196721311475308,5381959385.629961,0.6
2025-12-30,UDNG,FISHERY,0.1,0.31979695431472077,5419196076.76016,0.5
2025-12-30,DPUM,FOOD & BEVERAGES,0.08,1.5555555555555554,5461256531.121598,
2025-12-30,RMKO,COAL MINING,0.34,1.1682242990654204,5553763586.030977,0.7
2025-12-30,HYGN,"OTHERS - TRADE, SERVICES & INVESTMENT",7.65,0.03125,5686493541.2986355,0.3
2025-12-30,DGWG,CHEMICALS,0.14,0.03804347826086962,5889660538.782535,0.7
2025-12-30,HALO,HEALTH CARE,2.27,-0.043010752688172005,6066820499.367946,0.6
2025-12-30,EAST,"RESTAURANT, HOTEL & TOURISM",37.11,0.10526315789473695,6067140123.904409,0.7
2025-12-30,SOCI,TRANSPORTATION,0.98,0.5961538461538463,6306498370.143107,0.7
2025-12-30,FWCT,WOOD INDUSTRIES,29.79,-0.020270270270270285,6776843368.415381,0.2
2025-12-30,IOTF,COMPUTER AND SERVICES,0.05,-0.03488372093023251,6890961433.963099,0.5
2025-12-30,DGIK,BUILDING CONSTRUCTION,12.23,0.318840579710145,7497084476.195544,0.6
2025-12-30,BBLD,FINANCIAL INSTITUTION,19.79,0.07182320441988943,7553097269.560471,0.4
2025-12-30,TOTL,BUILDING CONSTRUCTION,8.55,-0.014563106796116498,7806195175.793323,0.9
2025-12-30,ERAL,COMPUTER AND SERVICES,2.01,0.046666666666666634,7941867938.814352,0.6
2025-12-30,HOMI,PROPERTY AND REAL ESTATE,0.54,-0.07092198581560283,7988500371.930326,0.5
2025-12-30,WOMF,FINANCIAL INSTITUTION,2.62,-0.018181818181818188,8022540516.776312,0.1
2025-12-30,LIFE,INSURANCE,80.07,-0.05555555555555558,8345575143.879465,
2025-12-30,SRAJ,HEALTH CARE,34.74,0.0,8386927629.655675,0.4
2025-12-30,GRIA,PROPERTY AND REAL ESTATE,0.64,0.04166666666666674,8568788410.149778,0.5
2025-12-30,ABBA,"ADVERTISING,PRINTING and MEDIA",1.13,0.0,8582649486.719081,0.0
2025-12-30,BSML,TRANSPORTATION,5.93,0.07627118644067798,8639496448.72713,0.6
2025-12-30,BCIC,BANK,32.32,0.01948051948051943,8687829193.648731,0.3
2025-12-30,SNLK,"RESTAURANT, HOTEL & TOURISM",51.09,-0.0653266331658291,8822895870.791994,0.6
2025-12-30,ELIT,"OTHERS - INFRASTRUCTURE, UTILITIES & TRANSPORTATIO",1.01,0.02970297029702973,9266191036.885075,0.4
2025-12-30,KETR,TELECOMUNICATION,0.02,-0.1507936507936508,9463027943.80198,0.4
2025-12-30,MEJA,NON BUILDING CONSTRUCTION,3.19,0.4698795180722892,9594824294.321074,0.2
2025-12-30,PEGE,INVESTMENT COMPANY,37.09,-0.12408759124087587,9694532522.11694,0.5
2025-12-30,RSCH,HEALTH CARE,0.61,-0.13502109704641352,9739962478.940487,0.4
2025-12-30,AISA,FOOD & BEVERAGES,5.24,-0.05633802816901412,9869646862.376368,0.3
2025-12-30,GTRA,TRANSPORTATION,0.05,0.006849315068493178,10079849856.849335,0.6
2025-12-30,AWAN,COMPUTER AND SERVICES,12.02,-0.00917431192660545,10200359345.162104,0.0
2025-12-30,PTSP,"RESTAURANT, HOTEL & TOURISM",58.62,-0.029126213592232997,10324478288.929226,0.2
2025-12-30,STRK,OTHERS - CONSUMER GOODS INDUSTRY,0.34,-0.028846153846153855,10839858384.707127,0.6
2025-12-30,DOSS,ELECTRONICS,3.65,-0.08661417322834641,10975726002.528372,0.5
2025-12-30,CSRA,PLANTATION,9.82,0.0625,12437196964.740112,0.5
2025-12-30,BOGA,AUTOMOTIVE AND COMPONENTS,3.42,-0.0304347826086957,12676228155.427244,0.7
2025-12-30,SMMA,OTHERS - FINANCE,13.97,0.11538461538461542,12714307125.429209,0.4
2025-12-30,HOPE,AUTOMOTIVE AND COMPONENTS,0.0,-0.04761904761904767,12716687396.177387,0.6
2025-12-30,SUNI,COAL MINING,18.34,0.0,12785954882.285494,0.4
2025-12-30,TMAS,TRANSPORTATION,0.52,0.022900763358778553,13551193062.413397,0.6
2025-12-30,BAYU,"RESTAURANT, HOTEL & TOURISM",46.88,0.02238805970149249,13625545358.497702,0.1
2025-12-30,PALM,INVESTMENT COMPANY,5.49,-0.020618556701030966,13678238631.459782,0.1
2025-12-30,BSIM,BANK,16.03,0.01775147928994092,13935084204.131552,0.1
2025-12-30,UFOE,ELECTRONICS,0.02,0.016574585635359185,14110469719.42067,0.3
2025-12-30,AMAR,BANK,94.37,-0.03508771929824561,14355769523.005835,0.3
2025-12-30,PSAB,METAL AND MINERAL MINING,1.43,-0.09090909090909094,14372562362.09705,0.5
2025-12-30,BIKE,"OTHERS - TRADE, SERVICES & INVESTMENT",0.28,0.10000000000000009,14714163075.35112,0.4
2025-12-30,MANG,BUILDING CONSTRUCTION,0.88,-0.031746031746031744,14718642269.660624,0.2
2025-12-30,MKTR,PLANTATION,2.26,-0.0064102564102563875,14763068455.474522,0.7
2025-12-30,MTMH,HEALTH CARE,8.53,-0.02904564315352698,14843960047.487625,0.0
2025-12-30,ISSP,METAL AND ALLIED PRODUCTS,13.63,-0.04524886877828049,15122435905.917551,0.4
2025-12-30,AYAM,ANIMAL HUSBANDRY,1.96,0.10769230769230775,16044275657.963764,
2025-12-30,NEST,ANIMAL HUSBANDRY,7.39,-0.135,16476578464.989704,0.4
2025-12-30,RMKE,COAL MINING,1.04,0.3314606741573034,16950028415.91454,0.7
2025-12-30,BWPT,PLANTATION,42.37,-0.065359477124183,18048205634.284164,0.7
2025-12-30,MTWI,INSURANCE,3.53,0.02777777777777768,18935620062.658882,0.7
2025-12-30,BUDI,FOOD & BEVERAGES,35.82,-0.027272727272727226,18947808098.696533,0.7
2025-12-30,MAHA,COAL MINING,0.15,-0.005780346820809301,19453861413.982765,0.7
2025-12-30,SHIP,TRANSPORTATION,4.86,-0.03400000000000003,19831913136.352936,0.2
2025-12-30,NFCX,TELECOMUNICATION,7.88,-0.04109589041095896,20262366042.851696,0.3
2025-12-30,NOBU,BANK,14.66,0.04081632653061229,20338449410.39827,0.4
2025-12-30,BMHS,HEALTH CARE,14.25,-0.035532994923857864,23459053988.70669,0.7
2025-12-30,UNIQ,COAL MINING,1.06,-0.222707423580786,24045356746.95051,0.3
2025-12-30,IPCM,TRANSPORTATION,0.28,0.034682080924855585,25305833557.71416,0.7
2025-12-30,CASS,TRANSPORTATION,41.13,-0.10801393728222997,28281288210.036446,0.0
2025-12-30,IRSX,"OTHERS - INFRASTRUCTURE, UTILITIES & TRANSPORTATIO",0.07,-0.09420289855072461,29030696101.45181,
2025-12-30,VKTR,OTHER - BASIC INDUSTRY AND CHEMICALS,15.58,0.24264705882352944,30322890807.533802,0.5
2025-12-30,MDLA,OTHER - BASIC INDUSTRY AND CHEMICALS,0.0,-0.06382978723404253,34820789568.05145,0.4
2025-12-30,BPFI,FINANCIAL INSTITUTION,88.77,0.0062893081761006275,35017921240.60805,0.1
2025-12-30,ARKO,ENERGY,10.09,0.15533980582524265,35810533732.209305,0.5
2025-12-30,JTPE,"ADVERTISING,PRINTING and MEDIA",28.85,0.16869918699186992,36575671754.661476,0.3
2025-12-30,DAAZ,"OTHERS - TRADE, SERVICES & INVESTMENT",3.86,-0.004464285714285698,37519837542.0965,0.4
2025-12-30,HATM,TRANSPORTATION,2.05,0.045454545454545414,38440692910.487595,0.4
2025-12-30,MINE,CONSTRUCTION,1.26,0.017621145374449254,39112957611.69878,0.3
2025-12-30,SMLE,CHEMICALS,8.76,-0.32644628099173556,39748509991.5214,0.5
2025-12-30,CGAS,CRUDE PETROLEUM & NATURAL GAS PROD.,0.2,-0.07486631016042777,40713311518.666,0.5
2025-12-30,MLIA,"CERAMICS, GLASS, PORCELAIN",26.07,0.00591715976331364,40801318431.80534,0.6
2025-12-30,SIMP,PLANTATION,1.52,0.008849557522123908,40947804632.27982,0.7
2025-12-30,ENAK,"RESTAURANT, HOTEL & TOURISM",59.63,-0.09774436090225569,41706000553.35765,0.1
2025-12-30,HUMI,ENERGY,0.17,0.1834862385321101,42298133880.80039,0.5
2025-12-30,ELPI,TRANSPORTATION,2.65,0.15107913669064743,42630270371.36173,0.6
2025-12-30,CLEO,FOOD & BEVERAGES,1.06,-0.008510638297872353,43928509954.472275,0.3
2025-12-30,YUPI,FOOD & BEVERAGES,9.57,0.0,44840876670.06636,0.0
2025-12-30,DILD,PROPERTY AND REAL ESTATE,28.46,0.037878787878787845,45135161686.4007,0.7
2025-12-30,NICL,METAL AND MINERAL MINING,0.18,0.1146788990825689,45944700708.604706,0.7
2025-12-30,SMSM,AUTOMOTIVE AND COMPONENTS,28.21,0.011594202898550732,48023366412.25181,0.7
2025-12-30,IPCC,"TOLL ROAD, AIRPORT, HARBOR & ALLIED PROD.",2.72,0.0036231884057971175,48588272626.108154,0.5
2025-12-30,WINE,OTHERS - CONSUMER GOODS INDUSTRY,10.22,0.01980198019801982,49429492291.420586,1.0
2025-12-30,GTSI,OTHER SECTORS,0.07,0.006896551724137945,51347275710.17855,
2025-12-30,MSTI,COMPUTER AND SERVICES,3.59,0.1272727272727272,51384409683.66789,0.6
2025-12-30,MLBI,FOOD & BEVERAGES,13.12,0.004424778761061843,53075915032.7271,0.2
2025-12-30,TRIM,SECURITIES COMPANY,13.57,0.023076923076922995,54671607035.86499,0.9
2025-12-30,SGRO,PLANTATION,78.01,0.010000000000000009,57345786637.13463,0.5
2025-12-30,AGII,ENERGY,34.04,-0.03194888178913735,58118845018.812584,0.4
2025-12-30,SMMT,COAL MINING,0.88,-0.020979020979020935,60000060074.26882,0.0
2025-12-30,MMLP,PROPERTY AND REAL ESTATE,34.57,-0.12631578947368416,62510270465.36293,0.5
2025-12-30,CNMA,OTHERS - CONSUMER GOODS INDUSTRY,28.72,0.034482758620689724,63008518685.788124,0.4
2025-12-30,LSIP,PLANTATION,10.93,0.03913043478260869,64926214236.97892,0.8
2025-12-30,SSMS,PLANTATION,19.85,-0.03154574132492116,67770122847.43233,0.5
2025-12-30,DOID,COAL MINING,65.41,0.06040268456375841,73664655929.08144,0.4
2025-12-30,GDYR,AUTOMOTIVE AND COMPONENTS,0.45,-0.16901408450704225,75967498843.39812,0.6
2025-12-30,DKFT,METAL AND MINERAL MINING,5.09,0.06617647058823528,76448793339.34853,0.6
2025-12-30,BISI,CROPS,40.71,0.005747126436781658,80226503169.18272,0.0
2025-12-30,WIFI,"ADVERTISING,PRINTING and MEDIA",4.57,-0.10220994475138123,82882023294.79253,0.2
2025-12-30,TUGU,INSURANCE,28.22,0.07870370370370372,83551111607.38411,0.8
2025-12-30,MORA,TELECOMUNICATION,6.92,0.06401766004415022,84331100035.18098,0.7
2025-12-30,MKPI,PROPERTY AND REAL ESTATE,1.13,-0.008264462809917328,84826317723.63925,0.7
2025-12-30,MLPT,COMPUTER AND SERVICES,2.82,-0.07896678966789672,87347719518.60179,0.4
2025-12-30,DNET,RETAIL TRADE,45.7,0.011142061281337101,101201926143.84523,0.1
2025-12-30,SIDO,PHARMACEUTICALS,9.89,0.018867924528301883,115367355511.27641,0.5
2025-12-30,APIC,OTHERS - FINANCE,12.03,-0.08750000000000002,119359820571.97014,0.7
2025-12-30,ALII,TRANSPORTATION,62.95,0.6025641025641026,119963582249.462,
2025-12-30,CMRY,FOOD & BEVERAGES,20.43,0.008928571428571397,121421783284.77542,0.0
2025-12-30,SILO,HEALTH CARE,68.13,0.09600000000000009,129043789837.54855,0.1
2025-12-30,AUTO,AUTOMOTIVE AND COMPONENTS,9.47,0.0,133340166393.17549,0.7
2025-12-30,MIKA,HEALTH CARE,9.68,-0.04800000000000004,133942996595.49043,0.4
2025-12-30,AALI,PLANTATION,5.2,-0.0033783783783783994,136740478451.02148,0.5
2025-12-30,CPIN,ANIMAL FEED,34.3,0.0022222222222221255,139806025846.92148,0.6
2025-12-30,BIRD,TRANSPORTATION,7.57,-0.005847953216374324,139890875941.2789,0.5
2025-12-30,GJTL,AUTOMOTIVE AND COMPONENTS,21.65,0.019512195121951237,162893294572.0297,0.6
2025-12-30,JSMR,"TOLL ROAD, AIRPORT, HARBOR & ALLIED PROD.",11.16,0.005899705014749346,179699042465.38254,0.6
2025-12-30,ASSA,TRANSPORTATION,11.21,-0.038461538461538436,183758164753.83142,0.8
2025-12-30,BANK,BANK,7.88,0.027027027027026973,185460144222.5065,0.6
2025-12-30,ERAA,RETAIL TRADE,20.0,0.0,191696959484.8365,0.6
2025-12-30,CYBR,"OTHERS - INFRASTRUCTURE, UTILITIES & TRANSPORTATIO",94.18,0.3102189781021898,195465001665.84833,0.6
2025-12-30,STAA,PLANTATION,5.62,0.02298850574712641,196578369350.15265,0.9
2025-12-30,MSIN,"ADVERTISING,PRINTING and MEDIA",9.37,-0.032258064516129004,208479317411.08832,0.4
2025-12-30,CTRA,PROPERTY AND REAL ESTATE,25.55,-0.03488372093023251,212539981179.8937,0.7
2025-12-30,ADMR,COAL MINING,4.58,0.11428571428571432,212965218011.0836,0.7
2025-12-30,ELSA,CRUDE PETROLEUM & NATURAL GAS PROD.,12.52,0.0040322580645162365,255154360616.32285,0.4
2025-12-30,TCPI,TRANSPORTATION,8.24,0.1518987341772151,257833901372.17603,0.8
2025-12-30,HRTA,METAL AND ALLIED PRODUCTS,7.19,0.19444444444444442,261735008421.4767,0.4
2025-12-30,KPIG,PROPERTY AND REAL ESTATE,57.27,0.10447761194029859,264302354207.35312,0.2
2025-12-30,KIJA,PROPERTY AND REAL ESTATE,26.77,-0.16000000000000003,295858840139.2684,0.6
2025-12-30,MAPA,RETAIL TRADE,24.01,-0.06944444444444442,298639674793.2867,0.8
2025-12-30,MDIY,RETAIL TRADE,97.11,-0.019704433497536922,305923399630.54504,0.5
2025-12-30,PTRO,COAL MINING,7.4,-0.0022831050228310223,310609775191.3124,0.6
2025-12-30,IMPC,PLASTICS & PACKAGING,0.75,0.06793478260869557,321690879890.75714,0.9
2025-12-30,DSNG,PLANTATION,11.38,0.04761904761904767,341802761238.54407,0.7
2025-12-30,DSSA,COAL MINING,19.92,-0.04941176470588238,354960513218.9418,0.5
2025-12-30,MIDI,RETAIL TRADE,5.27,0.04278074866310155,357331316000.9132,0.4
2025-12-30,TINS,METAL AND MINERAL MINING,8.2,-0.08529411764705885,367920846104.56384,0.5
2025-12-30,MEDC,CRUDE PETROLEUM & NATURAL GAS PROD.,32.94,0.02281368821292773,371656732013.45,0.5
2025-12-30,TKIM,PULP & PAPER,17.07,0.02464788732394374,372368542931.14777,0.8
2025-12-30,EURO,COSMETICS AND HOUSEHOLD,3.48,-0.1216216216216216,415934262569.81573,0.1
2025-12-30,DRMA,AUTOMOTIVE AND COMPONENTS,9.21,-0.027649769585253448,421409329786.0731,0.8
2025-12-30,CUAN,OTHER - BASIC INDUSTRY AND CHEMICALS,13.68,-0.07509881422924902,608429841454.3756,0.5
2025-12-30,TAPG,PLANTATION,3.27,0.016949152542372836,608718177374.0664,0.8
2025-12-30,NSSS,PLANTATION,3.49,0.3405797101449275,689631763812.133,0.7
2025-12-30,CBDK,PROPERTY AND REAL ESTATE,1.08,0.005747126436781658,703991660685.4153,0.4
2025-12-30,PGAS,ENERGY,21.17,0.04371584699453557,742153651904.1975,1.0
2025-12-30,AMRT,RETAIL TRADE,39.25,0.03947368421052633,984725760913.608,0.6
2025-12-30,OASA,NON BUILDING CONSTRUCTION,5.16,0.16814159292035402,1051784237873.7991,0.6
2025-12-30,BFIN,FINANCIAL INSTITUTION,75.55,-0.020979020979020935,1067464001217.4001,0.7
2025-12-30,ENRG,CRUDE PETROLEUM & NATURAL GAS PROD.,6.31,0.0,1070687416506.1213,0.7
2025-12-30,JPFA,ANIMAL FEED,88.36,-0.007575757575757569,1148806771728.8555,0.6
2025-12-30,UNTR,WHOLESALE (DURABLE & NON DURABLE GOODS),25.07,0.02164502164502169,1206852571282.7375,1.0
2025-12-30,RATU,CRUDE PETROLEUM & NATURAL GAS PROD.,3.23,-0.15268817204301077,1212368867330.226,0.2
2025-12-30,BIPI,CRUDE PETROLEUM & NATURAL GAS PROD.,32.13,-0.0337078651685393,1275215336785.816,0.6
2025-12-30,AADI,PLANTATION,11.47,-0.021052631578947323,1370754814186.2717,0.7
2025-12-30,EXCL,TELECOMUNICATION,88.22,-0.01055408970976257,1424951117569.3853,0.8
2025-12-30,ISAT,TELECOMUNICATION,77.37,-0.016949152542372836,1513593262230.756,0.9
2025-12-30,BULL,TRANSPORTATION,17.74,0.19318181818181812,1601447090268.9458,0.4
2025-12-30,ITMA,"OTHERS - TRADE, SERVICES & INVESTMENT",2.64,0.1578947368421053,1848945119357.4321,0.4
2025-12-30,INDF,FOOD & BEVERAGES,35.46,0.0,2720713691581.1494,0.7
2025-12-30,BREN,OTHERS - FINANCE,34.54,0.01305483028720622,2956125513838.053,0.7
2025-12-30,BRIS,BANK,4.72,0.03240740740740744,3908993438828.282,0.4
2025-12-30,FILM,"ADVERTISING,PRINTING and MEDIA",19.81,0.3181818181818181,4025863374557.8643,
2025-12-30,ASII,AUTOMOTIVE AND COMPONENTS,31.37,0.015151515151515138,4461876463001.504,1.0
2025-12-30,TLKM,TELECOMUNICATION,36.6,-0.019718309859154903,4546111725881.484,0.6
2025-12-30,ANTM,METAL AND MINERAL MINING,12.4,0.032786885245901676,5227767039535.314,0.8
2025-12-30,BRMS,METAL AND MINERAL MINING,56.76,-0.10569105691056913,6340998713024.624,0.4
2025-12-30,TPIA,CHEMICALS,14.13,-0.007092198581560294,6403546480137.111,0.5
2025-12-30,AMMN,LAND/STONE QUARRYING,13.91,-0.044609665427509326,8242950540858.3125,0.3
2025-12-30,ALMI,METAL AND ALLIED PRODUCTS,0.92,0.0,,
2025-12-30,ALTO,FOOD & BEVERAGES,0.56,0.0,,
2025-12-30,ARMY,CONSTRUCTION,5.82,0.0,,
2025-12-30,ARTI,OTHERS - MINING,0.55,0.0,,
2025-12-30,BEBS,CEMENT,8.73,0.0,,
2025-12-30,BIKA,PROPERTY AND REAL ESTATE,0.0,0.0,,
2025-12-30,BIMA,FOOTWEAR,0.0,0.0,,
2025-12-30,BLTZ,"ADVERTISING,PRINTING and MEDIA",99.72,-0.030100334448160515,,
2025-12-30,BOSS,COAL MINING,0.47,0.0,,
2025-12-30,BTEL,TELECOMUNICATION,18.64,0.0,,
2025-12-30,CANI,TRANSPORTATION,12.92,0.09433962264150941,,
2025-12-30,CBMF,RETAIL TRADE,0.13,0.0,,
2025-12-30,CNTB,"TEXTILE, GARMENT",0.0,0.0,,
2025-12-30,CNTX,"TEXTILE, GARMENT",16.6,0.0,,
2025-12-30,COWL,PROPERTY AND REAL ESTATE,22.48,0.0,,
2025-12-30,CPRI,PROPERTY AND REAL ESTATE,5.68,0.0,,
2025-12-30,DEAL,TRANSPORTATION,0.31,0.0,,
2025-12-30,DPNS,CHEMICALS,12.65,0.0,,
2025-12-30,DUCK,"OTHERS - TRADE, SERVICES & INVESTMENT",24.73,0.0,,
2025-12-30,ENVY,"OTHERS - TRADE, SERVICES & INVESTMENT",15.07,0.0,,
2025-12-30,ESTA,"RESTAURANT, HOTEL & TOURISM",19.71,0.6422764227642277,,
2025-12-30,ETWA,CHEMICALS,11.56,0.0,,
2025-12-30,FASW,PULP & PAPER,99.83,0.0,,
2025-12-30,FIMP,CONSTRUCTION,0.04,0.0,,
2025-12-30,GAMA,PROPERTY AND REAL ESTATE,2.82,0.0,,
2025-12-30,GLOB,RETAIL TRADE,8.48,0.0,,
2025-12-30,GOLL,PLANTATION,19.37,0.0,,
2025-12-30,GOTOM,COMPUTER AND SERVICES,0.0,0.0,,
2025-12-30,HITS,TRANSPORTATION,0.01,0.0,,
2025-12-30,HKMU,METAL AND ALLIED PRODUCTS,0.18,0.0,,
2025-12-30,HOME,"RESTAURANT, HOTEL & TOURISM",0.81,0.0,,
2025-12-30,HOTL,"RESTAURANT, HOTEL & TOURISM",0.0,0.0,,
2025-12-30,IIKP,FISHERY,8.28,0.0,,
2025-12-30,INAF,PHARMACEUTICALS,0.08,0.0,,
2025-12-30,INRU,PULP & PAPER,96.38,-0.0992366412213741,,
2025-12-30,INTA,WHOLESALE (DURABLE & NON DURABLE GOODS),1.41,0.0,,
2025-12-30,IPPE,PLANTATION,0.09,0.0,,
2025-12-30,JSKY,ENERGY,5.42,0.0,,
2025-12-30,KAYU,WOOD INDUSTRIES,7.58,0.0,,
2025-12-30,KBRI,PULP & PAPER,0.11,0.0,,
2025-12-30,KIAS,"CERAMICS, GLASS, PORCELAIN",0.11,0.0,,
2025-12-30,KIOS,COMPUTER AND SERVICES,5.11,0.0,,
2025-12-30,LCGP,PROPERTY AND REAL ESTATE,5.8,0.0,,
2025-12-30,LMAS,COMPUTER AND SERVICES,0.28,0.0,,
2025-12-30,LMSH,METAL AND ALLIED PRODUCTS,28.0,0.0,,
2025-12-30,MABA,PROPERTY AND REAL ESTATE,1.19,0.0,,
2025-12-30,MAGP,PLANTATION,0.59,0.0,,
2025-12-30,MENN,COMPUTER AND SERVICES,1.45,0.0,,
2025-12-30,META,"TOLL ROAD, AIRPORT, HARBOR & ALLIED PROD.",0.0,0.0,,
2025-12-30,MFMI,"OTHERS - TRADE, SERVICES & INVESTMENT",99.47,0.0,,
2025-12-30,MGLV,HOUSEWARE,0.01,0.45695364238410585,,
2025-12-30,MKNT,RETAIL TRADE,3.78,0.0,,
2025-12-30,MTPS,CONSTRUCTION,0.01,0.0,,
2025-12-30,MTRA,BUILDING CONSTRUCTION,2.71,0.0,,
2025-12-30,MTSM,PROPERTY AND REAL ESTATE,1.06,0.0,,
2025-12-30,MYTX,"TEXTILE, GARMENT",0.71,0.0,,
2025-12-30,NATO,"RESTAURANT, HOTEL & TOURISM",16.84,0.5490196078431373,,
2025-12-30,NUSA,"RESTAURANT, HOTEL & TOURISM",0.1,0.0,,
2025-12-30,OCAP,INVESTMENT COMPANY,45.0,0.0,,
2025-12-30,PLAS,INVESTMENT COMPANY,19.74,0.0,,
2025-12-30,PLIN,PROPERTY AND REAL ESTATE,0.15,0.0,,
2025-12-30,PMMP,FISHERY,0.14,0.0,,
2025-12-30,POLL,PROPERTY AND REAL ESTATE,6.09,0.0,,
2025-12-30,POOL,INVESTMENT COMPANY,3.14,0.0,,
2025-12-30,POSA,"RESTAURANT, HOTEL & TOURISM",0.07,0.0,,
2025-12-30,PPRO,PROPERTY AND REAL ESTATE,0.21,0.0,,
2025-12-30,PTDU,CONSTRUCTION,0.05,0.0,,
2025-12-30,PTMR,PLASTICS & PACKAGING,0.34,0.0,,
2025-12-30,PURE,METAL AND ALLIED PRODUCTS,0.09,0.0,,
2025-12-30,RIMO,PROPERTY AND REAL ESTATE,18.69,0.0,,
2025-12-30,RSGK,HEALTH CARE,0.29,0.0,,
2025-12-30,SBAT,"TEXTILE, GARMENT",1.23,0.0,,
2025-12-30,SCPI,PHARMACEUTICALS,98.79,0.0,,
2025-12-30,SIMA,PLASTICS & PACKAGING,0.01,0.0,,
2025-12-30,SKYB,RETAIL TRADE,44.33,0.0,,
2025-12-30,SMCB,CEMENT,15.3,0.0,,
2025-12-30,SMRU,METAL AND MINERAL MINING,2.07,0.0,,
2025-12-30,SQMI,WHOLESALE (DURABLE & NON DURABLE GOODS),78.36,0.0,,
2025-12-30,SRIL,"TEXTILE, GARMENT",17.69,0.0,,
2025-12-30,SUGI,"OTHERS - TRADE, SERVICES & INVESTMENT",40.21,0.0,,
2025-12-30,SUPR,TELECOMUNICATION,0.02,0.0,,
2025-12-30,SWAT,PULP & PAPER,0.01,0.0,,
2025-12-30,TDPM,CHEMICALS,92.02,0.0,,
2025-12-30,TECH,COMPUTER AND SERVICES,43.68,0.0,,
2025-12-30,TELE,RETAIL TRADE,0.3,0.0,,
2025-12-30,TFCO,"TEXTILE, GARMENT",0.0,0.0,,
2025-12-30,TGRA,ENERGY,0.95,0.0,,
2025-12-30,TGUK,FOOD & BEVERAGES,0.05,0.0,,
2025-12-30,TOPS,CONSTRUCTION,5.84,0.0,,
2025-12-30,TOYS,OTHER - BASIC INDUSTRY AND CHEMICALS,5.43,0.0,,
2025-12-30,TRAM,COAL MINING,7.26,0.0,,
2025-12-30,TRIL,WHOLESALE (DURABLE & NON DURABLE GOODS),4.27,0.0,,
2025-12-30,TRIO,RETAIL TRADE,49.08,0.0,,
2025-12-30,UNIT,"TEXTILE, GARMENT",32.04,0.0,,
2025-12-30,WICO,WHOLESALE (DURABLE & NON DURABLE GOODS),83.56,0.0,,
2025-12-30,WIKA,CONSTRUCTION,1.42,0.0,,
2025-12-30,WMPP,ANIMAL HUSBANDRY,7.86,0.0,,
2025-12-30,WSKT,BUILDING CONSTRUCTION,4.97,0.0,,
2025-12-30,YELO,"RESTAURANT, HOTEL & TOURISM",0.28,0.0,,
2025-12-30,ZBRA,TRANSPORTATION,4.69,0.0,,
